{
    "elements": [
        {
            "hide": false,
            "type": "header",
            "name": "Select Roles",
            "info": "Select Roles",
            "required": true,
            "data": {
                "childKey": "roleRequestables"
            }
        },
        {
            "hide": false,
            "type": "multicheckbox",
            "key": "roleRequestables",
            "name": "Role(s) Requested",
            "templateOptions": {
                "key": "roleRequestable",
                "options": []
            },
            "data": {
                "refData": "dynamic",
                "displaySequence": 1,
                "showHide": true,
                "modelScopeKeys": {
                    "analyticalManager": ["analyticalManager"],
                    "chair": ["chair"],
                    "globalLeadAnalyticalManager": ["globalLeadAnalyticalManager"],
                    "leadAnalyticalManager": ["leadAnalyticalManager"],
                    "primaryAnalyst": ["primaryAnalyst","voterFlag"],
                    "projectLead": ["projectLead"],
                    "researchAssistant": ["researchAssistant"],
                    "surveillanceAnalyst": ["surveillanceAnalyst","voterFlag"]
                }
            }
        },
        {
            "hide": false,
            "hideExpression": "!(model.roleRequestables && (model.roleRequestables.primaryAnalyst == true) || (model.roleRequestables.surveillanceAnalyst == true))",
            "type": "header",
            "name": "Do you want to be a voter ?",
            "info": "Do you want to be a voter ?",
            "required": true,
            "data": {
                "childKey": "voterFlag"
            }
        },
        {
            "hide": false,
            "hideExpression": "!(model.roleRequestables && (model.roleRequestables.primaryAnalyst == true) || (model.roleRequestables.surveillanceAnalyst == true))",
            "key": "voterFlag",
            "type": "customradio",
            "name": "Voter Flag (Primary/Surveillance Analyst)",
            "templateOptions": {
                "labelProp": "label",
                "valueProp": "name",
                "options": [
                    {
                        "name": "yes",
                        "label": "Yes"
                    },
                    {
                        "name": "no",
                        "label": "No"
                    }
                ],
                "required": true
            },
            "data": {
                "refData": "snp.refData.voter.attribute.data",
                "displaySequence": 2,
                "showSelectedFromApi": true
            }
        },
        {
            "hide": true,
            "hideExpression": "!(model.roleRequestables && (model.roleRequestables.primaryAnalyst == true))",
            "type": "header",
            "name": "Primary Analyst",
            "info": "Primary Analyst",
            "required": true,
            "data": {
                "childKey": "primaryAnalyst"
            }
        },
        {
            "hide": true,
            "hideExpression": "!(model.roleRequestables && (model.roleRequestables.primaryAnalyst == true))",
            "type": "treedropdownselect",
            "key": "primaryAnalyst",
            "name": "Primary Analyst",
            "templateOptions": {
                "fields": [{
                        "elementAttributes": {
                            "layout": "row",
                            "layout-sm": "column"
                        },
                        "fieldGroup": [{
                                "className": "flex-40",
                                "type": "treedropdown",
                                "key": "primaryAnalyst-region",
                                "name": "Region",
                                "templateOptions": {
                                    "label": "Region",
                                    "options": [
                                    ]
                                },
                                "data": {
                                    "refData": "snp.refData.region.data"
                                }
                            }, {
                                "className": "flex-40",
                                "type": "treedropdown",
                                "key": "primaryAnalyst-department",
                                "name": "Department",
                                "templateOptions": {
                                    "label": "Department",
                                    "options": [
                                    ]
                                },
                                "data": {
                                    "refData": "snp.refData.department.data"
                                }
                            },
                            {
                                "type": "hiddentext",
                                "name": "PracticeArea",
                                "key": "primaryAnalyst-practiceArea",
                                "className": "flex-20",
                                "defaultValue": "ALL",
                                "templateOptions": {
                                    "label": "Practice Area"
                                }
                            }
                        ]
                    }]
            },
            "data": {
                "displaySequence": 3
            }
        },
        {
            "hide": true,
            "hideExpression": "!(model.roleRequestables && (model.roleRequestables.surveillanceAnalyst == true))",
            "type": "header",
            "name": "Surveillance Analyst",
            "info": "Surveillance Analyst",
            "required": true,
            "data": {
                "childKey": "surveillanceAnalyst"
            }
        },
        {
            "hide": true,
            "hideExpression": "!(model.roleRequestables && (model.roleRequestables.surveillanceAnalyst == true))",
            "type": "treedropdownselect",
            "key": "surveillanceAnalyst",
            "name": "Surveillance Analyst",
            "templateOptions": {
                "fields": [{
                        "elementAttributes": {
                            "layout": "row",
                            "layout-sm": "column"
                        },
                        "fieldGroup": [{
                                "className": "flex-40",
                                "type": "treedropdown",
                                "key": "surveillanceAnalyst-region",
                                "name": "Region",
                                "templateOptions": {
                                    "label": "Region",
                                    "options": [
                                    ]
                                },
                                "data": {
                                    "refData": "snp.refData.region.data"
                                }
                            }, {
                                "className": "flex-40",
                                "type": "treedropdown",
                                "key": "surveillanceAnalyst-department",
                                "name": "Department",
                                "templateOptions": {
                                    "label": "Department",
                                    "options": [
                                    ]
                                },
                                "data": {
                                    "refData": "snp.refData.department.data"
                                }
                            },
                            {
                                "type": "hiddentext",
                                "name": "PracticeArea",
                                "key": "surveillanceAnalyst-practiceArea",
                                "className": "flex-20",
                                "defaultValue": "ALL",
                                "templateOptions": {
                                    "label": "Practice Area"
                                }
                            }
                        ]
                    }]
            },
            "data": {
                "displaySequence": 4
            }
        },
        {
            "hide": true,
            "hideExpression": "!(model.roleRequestables && (model.roleRequestables.researchAssistant == true))",
            "type": "header",
            "name": "Research Assistant",
            "info": "Research Assistant",
            "required": true,
            "data": {
                "childKey": "researchAssistant"
            }
        },
        {
            "hide": true,
            "hideExpression": "!(model.roleRequestables && (model.roleRequestables.researchAssistant == true))",
            "type": "treedropdownselect",
            "key": "researchAssistant",
            "name": "Research Assistant",
            "templateOptions": {
                "fields": [{
                        "elementAttributes": {
                            "layout": "row",
                            "layout-sm": "column"
                        },
                        "fieldGroup": [{
                                "className": "flex-40",
                                "type": "treedropdown",
                                "key": "researchAssistant-region",
                                "name": "Region",
                                "templateOptions": {
                                    "label": "Region",
                                    "options": [
                                    ]
                                },
                                "data": {
                                    "refData": "snp.refData.region.data"
                                }
                            }, {
                                "className": "flex-40",
                                "type": "treedropdown",
                                "key": "researchAssistant-department",
                                "name": "Department",
                                "templateOptions": {
                                    "label": "Department",
                                    "options": [
                                    ]
                                },
                                "data": {
                                    "refData": "snp.refData.department.data"
                                }
                            },
                            {
                                "type": "hiddentext",
                                "name": "PracticeArea",
                                "key": "researchAssistant-practiceArea",
                                "className": "flex-20",
                                "defaultValue": "ALL",
                                "templateOptions": {
                                    "label": "Practice Area"
                                }
                            }
                        ]
                    }]
            },
            "data": {
                "displaySequence": 5
            }
        },
        {
            "hide": true,
            "hideExpression": "!(model.roleRequestables && (model.roleRequestables.analyticalManager == true))",
            "type": "header",
            "name": "Analytical Manager",
            "info": "Analytical Manager",
            "required": true,
            "data": {
                "childKey": "analyticalManager"
            }
        },
        {
            "hide": true,
            "hideExpression": "!(model.roleRequestables && (model.roleRequestables.analyticalManager == true))",
            "type": "treedropdownselect",
            "key": "analyticalManager",
            "name": "Analytical Manager",
            "templateOptions": {
                "fields": [{
                        "elementAttributes": {
                            "layout": "row",
                            "layout-sm": "column"
                        },
                        "fieldGroup": [{
                                "className": "flex-40",
                                "type": "treedropdown",
                                "key": "analyticalManager-region",
                                "name": "Region",
                                "templateOptions": {
                                    "label": "Region",
                                    "options": [
                                    ]
                                },
                                "data": {
                                    "refData": "snp.refData.region.data"
                                }
                            }, {
                                "className": "flex-40",
                                "type": "treedropdown",
                                "key": "analyticalManager-department",
                                "name": "Department",
                                "templateOptions": {
                                    "label": "Department",
                                    "options": [
                                    ]
                                },
                                "data": {
                                    "refData": "snp.refData.department.data"
                                }
                            },
                            {
                                "type": "hiddentext",
                                "name": "PracticeArea",
                                "key": "analyticalManager-practiceArea",
                                "className": "flex-20",
                                "defaultValue": "ALL",
                                "templateOptions": {
                                    "label": "Practice Area"
                                }
                            }
                        ]
                    }]
            },
            "data": {
                "displaySequence": 6
            }
        },
        {
            "hide": true,
            "hideExpression": "!(model.roleRequestables && (model.roleRequestables.chair == true))",
            "type": "header",
            "name": "Chair",
            "info": "Chair",
            "required": true,
            "data": {
                "childKey": "chair"
            }
        },
        {
            "hide": true,
            "hideExpression": "!(model.roleRequestables && (model.roleRequestables.chair == true))",
            "type": "treedropdownselect",
            "key": "chair",
            "name": "Chair",
            "templateOptions": {
                "fields": [{
                        "elementAttributes": {
                            "layout": "row",
                            "layout-sm": "column"
                        },
                        "fieldGroup": [{
                                "className": "flex-40",
                                "type": "treedropdown",
                                "key": "chair-region",
                                "name": "Region",
                                "templateOptions": {
                                    "label": "Region",
                                    "options": [
                                    ]
                                },
                                "data": {
                                    "refData": "snp.refData.region.data"
                                }
                            }, {
                                "className": "flex-40",
                                "type": "treedropdown",
                                "key": "chair-department",
                                "name": "Department",
                                "templateOptions": {
                                    "label": "Department",
                                    "options": [
                                    ]
                                },
                                "data": {
                                    "refData": "snp.refData.department.data"
                                }
                            },
                            {
                                "type": "hiddentext",
                                "name": "PracticeArea",
                                "key": "chair-practiceArea",
                                "className": "flex-20",
                                "defaultValue": "ALL",
                                "templateOptions": {
                                    "label": "Practice Area"
                                }
                            }
                        ]
                    }]
            },
            "data": {
                "displaySequence": 7
            }
        },
        {
            "hide": true,
            "hideExpression": "!(model.roleRequestables && (model.roleRequestables.globalLeadAnalyticalManager == true))",
            "type": "header",
            "name": "Global Lead Analytical Manager",
            "info": "Global Lead Analytical Manager",
            "required": true,
            "data": {
                "childKey": "globalLeadAnalyticalManager"
            }
        },
        {
            "hide": true,
            "hideExpression": "!(model.roleRequestables && (model.roleRequestables.globalLeadAnalyticalManager == true))",
            "type": "treedropdownselect",
            "key": "globalLeadAnalyticalManager",
            "name": "Global Lead Analytical Manager",
            "templateOptions": {
                "fields": [{
                        "elementAttributes": {
                            "layout": "row",
                            "layout-sm": "column"
                        },
                        "fieldGroup": [{
                                "className": "flex-40",
                                "type": "treedropdown",
                                "key": "globalLeadAnalyticalManager-region",
                                "name": "Region",
                                "templateOptions": {
                                    "label": "Region",
                                    "options": [
                                    ]
                                },
                                "data": {
                                    "refData": "snp.refData.region.data"
                                }
                            }, {
                                "className": "flex-40",
                                "type": "treedropdown",
                                "key": "globalLeadAnalyticalManager-department",
                                "name": "Department",
                                "templateOptions": {
                                    "label": "Department",
                                    "options": [
                                    ]
                                },
                                "data": {
                                    "refData": "snp.refData.department.data"
                                }
                            },
                            {
                                "type": "hiddentext",
                                "name": "PracticeArea",
                                "key": "globalLeadAnalyticalManager-practiceArea",
                                "className": "flex-20",
                                "defaultValue": "ALL",
                                "templateOptions": {
                                    "label": "Practice Area"
                                }
                            }
                        ]
                    }]
            },
            "data": {
                "displaySequence": 8
            }
        },
        {
            "hide": true,
            "hideExpression": "!(model.roleRequestables && (model.roleRequestables.leadAnalyticalManager == true))",
            "type": "header",
            "name": "Lead Analytical Manager",
            "info": "Lead Analytical Manager",
            "required": true,
            "data": {
                "childKey": "leadAnalyticalManager"
            }
        },
        {
            "hide": true,
            "hideExpression": "!(model.roleRequestables && (model.roleRequestables.leadAnalyticalManager == true))",
            "type": "treedropdownselect",
            "key": "leadAnalyticalManager",
            "name": "Lead Analytical Manager",
            "templateOptions": {
                "fields": [{
                        "elementAttributes": {
                            "layout": "row",
                            "layout-sm": "column"
                        },
                        "fieldGroup": [{
                                "className": "flex-40",
                                "type": "treedropdown",
                                "key": "leadAnalyticalManager-region",
                                "name": "Region",
                                "templateOptions": {
                                    "label": "Region",
                                    "options": [
                                    ]
                                },
                                "data": {
                                    "refData": "snp.refData.region.data"
                                }
                            }, {
                                "className": "flex-40",
                                "type": "treedropdown",
                                "key": "leadAnalyticalManager-department",
                                "name": "Department",
                                "templateOptions": {
                                    "label": "Department",
                                    "options": [
                                    ]
                                },
                                "data": {
                                    "refData": "snp.refData.department.data"
                                }
                            },
                            {
                                "type": "hiddentext",
                                "name": "PracticeArea",
                                "key": "leadAnalyticalManager-practiceArea",
                                "className": "flex-20",
                                "defaultValue": "ALL",
                                "templateOptions": {
                                    "label": "Practice Area"
                                }
                            }
                        ]
                    }]
            },
            "data": {
                "displaySequence": 9
            }
        },
        {
            "hide": true,
            "hideExpression": "!(model.roleRequestables && (model.roleRequestables.projectLead == true))",
            "type": "header",
            "name": "Project Lead",
            "info": "Project Lead",
            "required": true,
            "data": {
                "childKey": "projectLead"
            }
        },
        {
            "hide": true,
            "hideExpression": "!(model.roleRequestables && (model.roleRequestables.projectLead == true))",
            "type": "treedropdownselect",
            "key": "projectLead",
            "name": "Project Lead",
            "templateOptions": {
                "fields": [{
                        "elementAttributes": {
                            "layout": "row",
                            "layout-sm": "column"
                        },
                        "fieldGroup": [{
                                "className": "flex-40",
                                "type": "treedropdown",
                                "key": "projectLead-region",
                                "name": "Region",
                                "templateOptions": {
                                    "label": "Region",
                                    "options": [
                                    ]
                                },
                                "data": {
                                    "refData": "snp.refData.region.data"
                                }
                            }, {
                                "className": "flex-40",
                                "type": "treedropdown",
                                "key": "projectLead-department",
                                "name": "Department",
                                "templateOptions": {
                                    "label": "Department",
                                    "options": [
                                    ]
                                },
                                "data": {
                                    "refData": "snp.refData.department.data"
                                }
                            },
                            {
                                "type": "hiddentext",
                                "name": "PracticeArea",
                                "key": "projectLead-practiceArea",
                                "className": "flex-20",
                                "defaultValue": "ALL",
                                "templateOptions": {
                                    "label": "Practice Area"
                                }
                            }
                        ]
                    }]
            },
            "data": {
                "displaySequence": 10
            }
        },
        {
            "type": "header",
            "name": "Justification",
            "info": "Justification",
            "required": true,
            "data": {
                "childKey": "justification"
            }
        },
        {
            "type": "textarea",
            "name": "Justification",
            "key": "justification",
            "templateOptions": {
                "rows": 4,
                "required": true
            },
            "data": {
                "displaySequence": 11
            }
        },
        {
            "hide":true,
            "key": "managerOnLeave",
            "type": "checkbox",
            "name": "Manager On Leave",
            "templateOptions": {
                "label": "Is your manager out of office? If yes, and you need this access urgently, then check this box.DSC will attempt to contact your manager. Please note that this request will be held till we get approval from your manager."

            },
            "data": {
                "displaySequence": 12
            }
        }
    ]
}