{
    "elements": [
       {
            "type": "header",
            "name": "Select Access Details",
            "info": "Data Access",
            "required": true,
            "data": {
                "childKey": "dataAccess",
                "showInfoIcon": false
            }
        },
        {
            "type": "treedropdownselect",
            "key": "dataAccess",
            "name": "Data Access",
            "templateOptions": {
                "fields": [
                    {
                        "elementAttributes": {
                            "layout": "row",
                            "layout-sm": "column"
                        },
                        "fieldGroup": [
                            {
                                "className": "flex-40",
                                "type": "treedropdown",
                                "key": "region",
                                "name": "Region",
                                "templateOptions": {
                                    "label": "Region",
                                    "options": []
                                },
                                "data": {
                                    "refData": "snp.refData.region.data"
                                }
                            },
                            {
                                "className": "flex-40",
                                "type": "treedropdown",
                                "key": "department",
                                "name": "Department",
                                "templateOptions": {
                                    "label": "Department",
                                    "options": []
                                },
                                "data": {
                                    "refData": "snp.refData.department.data"
                                }
                            },
                            {
                                "type": "hiddentext",
                                "name": "PracticeArea",
                                "key": "practiceArea",
                                "className": "flex-20",
                                "defaultValue": "ALL",
                                "templateOptions": {
                                    "label": "Practice Area"
                                }
                            }
                        ]
                    }
                ]
            },
            "data": {
                "displaySequence": 1
            }
        },
        {
            "type": "header",
            "name": "Justification",
            "info": "Justification",
            "required": true,
            "data": {
                "childKey": "justification"
            }
        },
        {
            "type": "textarea",
            "name": "Justification",
            "key": "justification",
            "templateOptions": {
                "rows": 4,
                "required": true
            },
            "data": {
                "displaySequence": 2
            }
        },
        {
            "hide":true,
            "key": "managerOnLeave",
            "type": "checkbox",
            "name": "Manager On Leave",
            "templateOptions": {
                "label": "Is your manager out of office? If yes, and you need this access urgently, then check this box.DSC will attempt to contact your manager. Please note that this request will be held till we get approval from your manager."
            },
            "data": {
                "displaySequence": 3
            }
        }
        
    ]
}