{
    "elements": [
        { 
            "hide":false,
            "type": "header",
            "name": "Application Role",
            "info": "Application Role",
            "required": true,
            "data": {
                "childKey": "applicationRole"
            }
        },
        {
            "type": "customselect",
            "name": "Application Role",
            "key": "applicationRole",
            "defaultValue":"dataSupportCenter",
            "className": "flex-50",
            "templateOptions": {
                "label": "Application Role",
                "labelProp": "label",
                "valueProp": "name",
                "required": true,
                "options": [
                ]
            },
            "data": {
                "refData": "snp.refData.ARP.attribute.data",
                "displaySequence":1
            }

        },
        {
            "elementAttributes": {
                "layout": "column",
                "layout-sm": "column"
            },
            "fieldGroup": [
                {
                    "hide": false,
                    "type": "header",
                    "name": "Approval Groups",
                    "info": "Available approval groups",
                    "required": true,
                    "data": {
                        "childKey": "approvalGroups"
                    }
                },
                {
                    "hide": false,
                    "type": "multiselect",
                    "name": "Approval Groups",
                    "key": "approvalGroups",
                    "templateOptions": {
                        "label": "",
                        "key": "approvalGroup",
                        "required": true,
                        "options": []
                    },
                    "data": {
                        "refData": "snp.refData.ARP.approvalGroups.data",
                        "displaySequence": 2
                    }
                }
            ]

        },
        {
            "type": "header",
            "name": "Justification",
            "info": "Justification",
            "required": true,
            "data": {
                "childKey": "justification"
            }
        },
        {
            "type": "textarea",
            "name": "Justification",
            "key": "justification",
            "templateOptions": {
                "rows": 4,
                "required": true
            },
            "data": {
                "displaySequence":3
            }
        },
        {
            "hide":true,
            "key": "managerOnLeave",
            "type": "checkbox",
            "name": "Manager On Leave",
            "templateOptions": {
                "label": "Is your manager out of office? If yes, and you need this access urgently, then check this box. DSC will attempt to contact your manager. Please note that this request will be held till we get approval from your manager."
            },
            "data": {
                "displaySequence": 4
            }
        }
    ]
}
