{
    "elements": [
        {
            "type": "customselect",
            "name": "Application Role",
            "key": "applicationRole",
            "templateOptions": {
                "label": "Application Role",
                "labelProp": "name",
                "valueProp": "id",
                "options": [
                    {
                        "id": "Administration",
                        "name": "Administration"
                    },
                    {
                        "id": "Analyst",
                        "name": "Analyst"
                    },
                    {
                        "id": "Crisil Analyst",
                        "name": "Crisil Analyst"
                    },
                    {
                        "id": "Data DSO",
                        "name": "Data DSO"
                    },
                    {
                        "id": "Data Support Center",
                        "name": "Data Support Center"
                    },
                    {
                        "id": "Inactive User",
                        "name": "Inactive User"
                    },
                    {
                        "id": "Non Analytical",
                        "name": "Non Analytical"
                    },
                    {
                        "id": "Product Manager",
                        "name": "Product Manager"
                    },
                    {
                        "id": "Quality Analyst",
                        "name": "Quality Analyst"
                    },
                    {
                        "id": "Template Designer",
                        "name": "Template Designer"
                    }
                ],
                "required": true
            }
        },
        {
            "type": "header",
            "name": "Department Access",
            "info": "Department Access",
            "required": true
        },
        {
            "type": "customaddselect",
            "key": "departmentAccess",
            "name": "Department Access",
            "templateOptions": {
                "fields": [{
                        "elementAttributes": {
                            "layout": "row",
                            "layout-sm": "column"
                        },
                        "fieldGroup": [{
                                "className": "flex-30",
                                "type": "customselect",
                                "key": "department",
                                "name": "Department",
                                "templateOptions": {
                                    "label": "Department",
                                    "options": [{
                                            "id": "Insurance",
                                            "name": "Insurance"
                                        }, {
                                            "id": "Funds",
                                            "name": "Funds"
                                        }],
                                    "valueProp": "id",
                                    "labelProp": "name"
                                }
                            }, {
                                "className": "flex-45",
                                "type": "customselect",
                                "key": "priviledge",
                                "name": "Priviledge",
                                "defaultValue": "Public Read",
                                "templateOptions": {
                                    "label": "Priviledge",
                                    "options": [{
                                            "id": "Public Read",
                                            "name": "Public Read"
                                        }, {
                                            "id": "Public Write",
                                            "name": "Public Write"
                                        }, {
                                            "id": "Public Write & Confidential Read",
                                            "name": "Public Write & Confidential Read"
                                        }, {
                                            "id": "Public Read & Confidential Read",
                                            "name": "Public Read & Confidential Read"
                                        }, {
                                            "id": "Confidential Write",
                                            "name": "Confidential Write"
                                        }],
                                    "valueProp": "id",
                                    "labelProp": "name"
                                }
                            }, {
                                "className": "flex-30",
                                "key": "coreConfidentialRatings",
                                "type": "checkbox",
                                "name": "Core Confidential Ratings",
                                "templateOptions": {
                                    "type": "grouped",
                                    "label": "Do you require access to CORE Confidential Ratings"
                                }
                            }
                        ]
                    }]
            }
        }, {
            "type": "forminformation",
            "name": "Information",
            "data": {
                "info": ["By Default the access is Arrow Global and is marked as World.", "By Default all users will have public read access."]
            }

        }, {
            "type": "header",
            "name": "Justification",
            "info": "Justification",
            "required": true
        }, {
            "type": "textarea",
            "name": "Justification",
            "key": "justification",
            "templateOptions": {
                "rows": 4,
                "required": true
            }
        }]
}