{
    "elements": [
        {
            "type": "header",
            "name": "Privilege",
            "info": "Available privileges",
            "required": true,
            "data": {
                "childKey": "privilege"
            }
        },
        {
            "type": "customselect",
            "name": "Privilege",
            "key": "privilege",
            "defaultValue":"readOnly",
            "className": "flex-50",
            "templateOptions": {
                "label": "",
                "required": true,
                "labelProp": "label",
                "valueProp": "name",
                "options": [
                ]
            },
            "data": {               
                "refData": "snp.refData.CDOCFE.attribute.data",
                "displaySequence": 1,
                "showHide": true,
                "modelScopeKeys": {
                    "spectator": ["regions"]
                }
            }

        },
        {
            "hide": true,
            "hideExpression": "!(model.privilege && (model.privilege == 'spectator'))",
            "type": "header",
            "required": true,
            "name": "Spectator ID",
            "info": "Spectator",
            "data": {
                "childKey": "spectator"
            }
        },
        {
            "hide": true,
            "hideExpression": "!(model.privilege && (model.privilege == 'spectator'))",
            "type": "customaddtextbox",
            "key": "spectators",
            "name": "Spectator ID",
            "templateOptions": {
                "fields": [
                    {
                        "elementAttributes": {
                            "layout": "row",
                            "layout-sm": "column"
                        },
                        "fieldGroup": [
                            {
                                "className": "flex",
                                "type": "input",
                                "key": "spectator",
                                "name": "Spectator",
                                "templateOptions": {
                                    "required": true,
                                    "maxlength": 64
                                },
								"expressionProperties": {
							      	"templateOptions.disabled": "model.value"
							    }
                            }
                        ]
                    }
                ]
            },
            "data": {
                "displaySequence": 2
            }
        },
        {            
            "elementAttributes": {
                "layout": "column",
                "layout-sm": "column"
            },
            "fieldGroup": [
                {
                    "hide": false,
                    "type": "header",
                    "name": "Regions",
                    "info": "Available regions",
                    "required": true,
                    "data": {
                        "childKey": "regions"
                    }
                },
                {
                    "hide": false,
                    "type": "multiselect",
                    "key": "regions",
                    "name": "Regions",
                    "templateOptions": {
                        "label": "",
                        "key": "region",
                        "options": [],
                        "required": true
                    },
                    "data": {
                        "refData": "snp.refData.authorizedRegion.data",
                        "displaySequence": 3
                    }
                }
            ]

        },
        {
            "type": "header",
            "name": "Justification",
            "info": "Justification",
            "required": true,
            "data": {
                "childKey": "justification"
            }
        },
        {
            "type": "textarea",
            "name": "Justification",
            "key": "justification",
            "templateOptions": {
                "rows": 4,
                "required": true
            },
            "data": {
                "displaySequence": 4
            }
        },
        {
            "hide": true,
            "key": "managerOnLeave",
            "type": "checkbox",
            "name": "Manager On Leave",
            "templateOptions": {
                "label": "Is your manager out of office? If yes, and you need this access urgently, then check this box.DSC will attempt to contact your manager. Please note that this request will be held till we get approval from your manager."
            },
            "data": {
                "displaySequence": 5
            }
        }
    ]
}
