
{
    "elements": [
        {
            "type": "header",
            "name": "Access Category",
            "info": "Access Category"
        },
        {
            "type": "multicheckbox",
            "name": "Access Category",
            "key": "accessCategory",
            "templateOptions": {
                "options": [
                    {
                        "name": "chkCMP",
                        "label": "Securities(CMP)"
                    },
                    {
                        "name": "chkOPDM",
                        "label": "People(OPDM)"
                    },
                    {
                        "name": "chkBOTH",
                        "label": "BOTH"
                    }
                ]
            },
            "data": {
                "refData": "snp.refData.CMP.option.data",
                "showHide": true
            }
        },
        {
            "elementAttributes": {
                "layout": "row",
                "layout-sm": "column"
            },
            "fieldGroup": [
                {
                    "className": "flex-20",
                    "key": "chkCMP",
                    "type": "checkbox",
                    "name": "chkCMP",
                    "templateOptions": {
                        "label": "Securities(CMP)"
                    },
                    "expressionProperties": {
                        "templateOptions.disabled": "model.chkBOTH"
                    },
                    "data": {
                        "disableDisplay": true,
                        "disablePost": true
                    }
                }, {
                    "className": "flex-20",
                    "key": "chkOPDM",
                    "type": "checkbox",
                    "name": "chkOPDM",
                    "templateOptions": {
                        "label": "People(OPDM)"
                    },
                    "expressionProperties": {
                        "templateOptions.disabled": "model.chkBOTH"
                    },
                    "data": {
                        "disableDisplay": true,
                        "disablePost": true
                    }
                },
                {
                    "className": "flex-20",
                    "key": "chkBOTH",
                    "type": "checkbox",
                    "name": "chkBOTH",
                    "templateOptions": {
                        "label": "BOTH"
                    },
                    "expressionProperties": {
                        "templateOptions.disabled": "model.chkOPDM || model.chkCMP"
                    },
                    "data": {
                        "disableDisplay": true,
                        "disablePost": true
                    }
                }

            ],
            "data": {
                "displaySequence": 1
            }
        },
        {
            "hide": true,
            "type": "header",
            "name": "Securities(CMP)",
            "info": "Securities(CMP)",
            "hideExpression": "!model.chkCMP",
            "data": {
                "childKey":"CMP"
            }
        },
        {
            "hide": true,
            "type": "customradio",
            "name": "CMP",
            "key": "CMP",
            "templateOptions": {
                "labelProp": "label",
                "valueProp": "name",
                "options": [
                ]
            },
            "data": {
                "refData": "snp.refData.CMP.attribute.data",
                "displaySequence": 2
            },
            "hideExpression": "!model.chkCMP"
        },
        {
            "hide": true,
            "type": "header",
            "name": "People(OPDM)",
            "info": "People(OPDM)",
            "hideExpression": "!model.chkOPDM",
            "data": {
                "childKey":"OPDM"
            }
        },
        {
            "hide": true,
            "type": "customradio",
            "name": "OPDM",
            "key": "OPDM",
            "templateOptions": {
                "labelProp": "label",
                "valueProp": "name",
                "options": [
                ]
            },
            "data": {
                "refData": "snp.refData.CMP.attribute.data",
                "displaySequence": 3
            },
            "hideExpression": "!model.chkOPDM"
        },
        {
            "hide": true,
            "type": "header",
            "name": "Securities(CMP) and People(OPDM)",
            "info": "Securities(CMP) and People(OPDM)",
            "hideExpression": "!model.chkBOTH",
            "data": {
                "childKey":"BOTH"
            }
        },
        {
            "hide": true,
            "type": "customradio",
            "name": "BOTH",
            "key": "BOTH",
            "templateOptions": {
                "labelProp": "label",
                "valueProp": "name",
                "options": [
                ]
            },
            "data": {
                "refData": "snp.refData.CMP.attribute.data",
                "displaySequence": 4
            },
            "hideExpression": "!model.chkBOTH"
        },
        {
            "type": "header",
            "name": "Justification",
            "info": "Justification",
            "required": true,
            "data": {
                "childKey": "justification"
            }
        }, {
            "type": "textarea",
            "name": "Justification",
            "key": "justification",
            "templateOptions": {
                "rows": 4,
                "required": true
            },
            "data": {
                "displaySequence": 5
            }
        }
    ]
}