{
    "CORE": [
        {
            "type": "appheader",
            "name": "CORE",
            "info": "CORE",
            "data": {
                "showInfoIcon": false,
                "collapseHeader": true
            }
        },
        {
            "hide": false,
            "type": "header",
            "name": " ",
            "info": "",
            "required": true,
            "data": {
                "radioKey": "confidentialData",
                "refDataCore": "snp.refData.CORE.attribute.data",
                "refDataQuestion": "snp.refData.CORE.questions.data",
                "loadCoreKey": [
                    "primaryCoreRole",
                    "secondaryCoreRoles"
                ],
                "childKey": "confidentialData",
                "showInfoIcon": false
            }
        },
        {
            "hide": false,
            "key": "confidentialData",
            "type": "radio",
            "name": "Confidential Data",
            "templateOptions": {
                "options": [
                    {
                        "value": "yes",
                        "name": "Yes"
                    },
                    {
                        "value": "no",
                        "name": "No"
                    }
                ],
                "required": true
            },
            "data": {
                "displaySequence": 1
            }
        },
        {
            "hideExpression": "!(model.confidentialData && model.confidentialData == 'yes')",
            "hide": true,
            "type": "header",
            "name": " ",
            "info": "",
            "required": true,
            "data": {
                "radioKey": "editInformation",
                "refDataCore": "snp.refData.CORE.attribute.data",
                "refDataQuestion": "snp.refData.CORE.questions.data",
                "loadCoreKey": [
                    "primaryCoreRole",
                    "secondaryCoreRoles"
                ],
                "childKey": "editInformation",
                "showInfoIcon": false
            }
        },
        {
            "hideExpression": "!(model.confidentialData && model.confidentialData == 'yes')",
            "hide": true,
            "key": "editInformation",
            "type": "radio",
            "name": "Edit Information",
            "templateOptions": {
                "options": [
                    {
                        "value": "yes",
                        "name": "Yes"
                    },
                    {
                        "value": "no",
                        "name": "No"
                    }
                ]
            },
            "data": {
                "displaySequence": 2
            },
            "expressionProperties": {
                "templateOptions.required": "!(model.confidentialData && model.editInformation)"
            }
        },
        {
            "hideExpression": "!(model.editInformation && model.editInformation == 'yes') || (model.confidentialData && model.confidentialData == 'no')",
            "hide": true,
            "type": "header",
            "name": " ",
            "info": "",
            "required": true,
            "data": {
                "radioKey": "SIAdminGroup",
                "refDataCore": "snp.refData.CORE.attribute.data",
                "refDataQuestion": "snp.refData.CORE.questions.data",
                "loadCoreKey": [
                    "primaryCoreRole",
                    "secondaryCoreRoles"
                ],
                "childKey": "SIAdminGroup",
                "showInfoIcon": false
            }
        },
        {
            "hideExpression": "!(model.editInformation && model.editInformation == 'yes') || (model.confidentialData && model.confidentialData == 'no')",
            "hide": true,
            "key": "SIAdminGroup",
            "type": "radio",
            "name": "SI_Data Admin Group",
            "templateOptions": {
                "options": [
                    {
                        "value": "yes",
                        "name": "Yes"
                    },
                    {
                        "value": "no",
                        "name": "No"
                    }
                ]
            },
            "data": {
                "displaySequence": 3
            },
            "expressionProperties": {
                "templateOptions.required": "!(model.confidentialData && model.editInformation && model.SIAdminGroup)"
            }
        },
        {
            "hide": false,
            "type": "header",
            "name": "Primary CORE Role",
            "info": "Primary CORE Role",
            "required": true,
            "data": {
                "childKey": "primaryCoreRole",
                "showInfoIcon": false
            }

        },
        {
            "hide": false,
            "type": "customselect",
            "name": "Primary CORE Role",
            "key": "primaryCoreRole",
            "className": "flex-50",
            "templateOptions": {
                "label": "",
                "labelProp": "label",
                "valueProp": "name",
                "options": [
                ],
                "required": true
            },
            "data": {
                "refDataHidden": "snp.refData.CORE.attribute.data",
                "displaySequence": 4,
                "hideWhenNoOptions": true
            }
        },
        {
            "hideExpression": "!model.primaryCoreRole",
            "hide": true,
            "elementAttributes": {
                "layout": "column",
                "layout-sm": "column"
            },
            "fieldGroup": [
                {
                    "hide": false,
                    "type": "header",
                    "name": "Secondary CORE Roles (if any)",
                    "info": "Secondary CORE Roles (if any)",
                    "data": {
                        "childKey": "secondaryCoreRoles",
                        "showInfoIcon": false
                    }
                },
                {
                    "hide": false,
                    "type": "multiselect",
                    "key": "secondaryCoreRoles",
                    "name": "Secondary CORE Roles",
                    "templateOptions": {
                        "label": "",
                        "key": "secondaryCoreRole",
                        "options": []
                    },
                    "data": {
                        "refDataHidden": "snp.refData.CORE.attribute.data",
                        "watchKey": "primaryCoreRole",
                        "displaySequence": 5
                    }
                }
            ]
        },
        {
            "type": "header",
            "name": "Justification",
            "info": "Justification",
            "required": true,
            "data": {
                "childKey": "justification"
            }
        },
        {
            "type": "textarea",
            "name": "Justification",
            "key": "justification",
            "templateOptions": {
                "rows": 4,
                "required": true
            },
            "data": {
                "displaySequence": 6
            }
        },
        {
            "hide": true,
            "key": "managerOnLeave",
            "type": "checkbox",
            "name": "Manager On Leave",
            "templateOptions": {
                "label": "Is your manager out of office? If yes, and you need this access urgently, then check this box.DSC will attempt to contact your manager. Please note that this request will be held till we get approval from your manager."
            },
            "data": {
                "displaySequence": 7
            }
        }
    ]
}