{
    "elements": [
        {
            "elementAttributes": {
                "layout": "column",
                "layout-sm": "column"
            },
            "fieldGroup": [
                {
                    "hide": false,
                    "type": "header",
                    "name": "Application Roles",
                    "info": "Application Roles",
                    "data": {
                        "childKey": "applicationRoles"
                    }
                },
                {
                    "hide": false,
                    "type": "multiselect",
                    "key": "applicationRoles",
                    "name": "Application Roles",
                    "templateOptions": {
                        "label": "",
                        "key": "applicationRole",
                        "options": [],
                        "required": true
                    },
                    "data": {
                        "refData": "snp.refData.CST.attribute.data"
                    }
                }
            ],
            "data": {
                "displaySequence": 1
            }

        },
        {
            "type": "header",
            "name": "Justification",
            "info": "Justification",
            "required": true,
            "data": {
                "childKey": "justification"
            }
        },
        {
            "type": "textarea",
            "name": "Justification",
            "key": "justification",
            "templateOptions": {
                "rows": 4,
                "required": true
            },
            "data": {
                "displaySequence": 2
            }
        }
    ]
}
