{
    "elements": [
        {
            "elementAttributes": {
                "layout": "column",
                "layout-sm": "column"
            },
            "fieldGroup": [
                {
                    "hide": false,
                    "type": "header",
                    "name": "Regions",
                    "info": "Regions",
                    "data": {
                        "childKey": "regions"
                    }
                },
                {
                    "hide": false,
                    "type": "multiselect",
                    "key": "regions",
                    "name": "Regions",
                    "templateOptions": {
                        "label": "",
                        "key": "region",
                        "options": [],
                        "required": true
                    },
                    "data": {
                        "refData": "snp.refData.region.data"
                    }
                }
            ],
            "data": {
                "displaySequence": 1
            }

        },
        {
            "elementAttributes": {
                "layout": "column",
                "layout-sm": "column"
            },
            "fieldGroup": [
                {
                    "hide": false,
                    "type": "header",
                    "name": "Departments",
                    "info": "Departments",
                    "data": {
                        "childKey": "departments"
                    }
                },
                {
                    "hide": false,
                    "type": "multiselect",
                    "key": "departments",
                    "name": "Departments",
                    "templateOptions": {
                        "label": "",
                        "key": "department",
                        "options": []
                    },
                    "data": {
                        "refData": "snp.refData.department.data"
                    }
                }
            ],
            "data": {
                "displaySequence": 2
            }

        },
        {
            "type": "header",
            "name": "Justification",
            "info": "Justification",
            "required": true,
            "data": {
                "childKey": "justification"
            }
        },
        {
            "type": "textarea",
            "name": "Justification",
            "key": "justification",
            "templateOptions": {
                "rows": 4,
                "required": true
            },
            "data": {
                "displaySequence": 3
            }
        }]
}