{
    "elements": [
        {
            "type": "header",
            "name": "Select Access Details",
            "info": "Data Access",
            "required": true,
            "data": {
                "childKey": "dataAccess",
                "showInfoIcon": false
            }
        }, {
            "type": "label",
            "name": "Access will be provided to all regions and departments.",
            "info": "Access will be provided to all regions and departments.",
            "className": "form-label-display"
        }, {
            "type": "treedropdownselect",
            "key": "dataAccess",
            "name": "Data Access",
            "templateOptions": {
                "fields": [{
                        "elementAttributes": {
                            "layout": "row",
                            "layout-sm": "column"
                        },
                        "fieldGroup": [
                            {
                                "type": "hiddentext",
                                "name": "Region",
                                "key": "region",
                                "className": "flex-35",
                                "defaultValue": "ALL",
                                "templateOptions": {
                                    "label": "Region"
                                }
                            },
                            {
                                "type": "hiddentext",
                                "name": "Department",
                                "key": "department",
                                "className": "flex-35",
                                "defaultValue": "ALL",
                                "templateOptions": {
                                    "label": "Department"
                                }
                            },
                            {
                                "type": "hiddentext",
                                "name": "Practice Area",
                                "key": "practiceArea",
                                "className": "flex-35",
                                "defaultValue": "ALL",
                                "templateOptions": {
                                    "label": "Practice Area"
                                }
                            }

                        ]
                    }]
            },
            "data": {
                "displaySequence": 2,
                "hideCancelAdd": true
            }
        }, {
            "type": "header",
            "name": "Justification",
            "info": "Justification",
            "required": true,
            "data": {
                "childKey": "justification"
            }
        }, {
            "type": "textarea",
            "name": "Justification",
            "key": "justification",
            "templateOptions": {
                "rows": 4,
                "required": true
            },
            "data": {
                "displaySequence": 3
            }
        },
        {
            "hide":true,
            "key": "managerOnLeave",
            "type": "checkbox",
            "name": "Manager On Leave",
            "templateOptions": {
                "label": "Is your manager out of office? If yes, and you need this access urgently, then check this box.DSC will attempt to contact your manager. Please note that this request will be held till we get approval from your manager."
            },
            "data": {
                "displaySequence": 4
            }
        }
    ]
}