{
    "elements": [
        {
            "type": "header",
            "name": "Application Attributes",
            "info": "Application Attribute",
            "required": true,
            "data": {
                "childKey": "attribute",
                "showInfoIcon":false
            }
        },
        {
            "type": "customselect",
            "name": "Application Attribute",
            "key": "attribute",
            "defaultValue":"regularUser",
            "className": "flex-50",
            "templateOptions": {
                "required": true,
                "label": "",
                "labelProp": "label",
                "valueProp": "name",
                "options": []
            },
            "data": {
                "refData": "snp.refData.GRE.attribute.data",
                "displaySequence": 2,
                "hideWhenNoOptions":true
            }
        },
        {
            "type": "header",
            "name": "Justification",
            "info": "Justification",
            "required": true,
            "data": {
                "childKey": "justification"
            }
        },
        {
            "type": "textarea",
            "name": "Justification",
            "key": "justification",
            "templateOptions": {
                "rows": 4,
                "required": true
            },
            "data": {
                "displaySequence": 3
            }
        },
        {
            "hide":true,
            "key": "managerOnLeave",
            "type": "checkbox",
            "name": "Manager On Leave",
            "templateOptions": {
                "label": "Is your manager out of office? If yes, and you need this access urgently, then check this box.DSC will attempt to contact your manager. Please note that this request will be held till we get approval from your manager."
            },
            "data": {
                "displaySequence": 4
            }
        }
    ]
}