{
    "elements": [
        {
            "type": "header",
            "name": "Select Application(s)",
            "info": "Select Application(s)",
            "required": true,
            "data": {
                "childKey": "accessCategories",
                "showInfoIcon":false
            }
        },
        {
            "type": "multicheckbox",
            "key": "accessCategories",
            "name": "Access Category",
            "templateOptions": {
            	"key": "accessCategory",
                "options": []
            },
            "data": {
                "refData": "snp.refData.keyRatingsApplications.attribute.data",
                "displaySequence": 1,
                "showHide": true,
                "KRAcriteria": {
                	"RDR": [],
                	"RPM": ["RDR"],
                	"WFM": ["RDR"],
                	"ROL": ["RPM","RDR"]
                },
                "modelScopeKeys": {
                	"RDR": ["rdrApplicationRole","rdrSpecialRole","rdrSpecialContentAccesses","rdrRGAccess"],
                	"RPM": ["rpmRGAccess"],
                	"WFM": ["wfmRGAccess"],
                	"ROL": ["rampOnlineTraining","rampOnlineApplicationRole","rampOnlineRegions","rampOnlineRGAccess"]
                },
                "showtooltip":false
            }
        },
        {
            "hideExpression": "!(model.accessCategories && (model.accessCategories.WFM == true))",
            "hide": true,
            "elementAttributes": {
                "layout": "column",
                "layout-sm": "column"
            },
            "fieldGroup": [
                {
                    "type": "mainheader",
                    "name": "Access to WFM",
                    "info": "Access to WFM",
                    "data": {
                        "showInfoIcon": false
                    }
                },
                {
                    "type": "label",
                    "key": "WFM-label",
                    "name": "",
                    "info": "",
                    "data": {
                        "showTooltipFromField": "accessCategories",
                        "displaySequence": 2
                    }
                }
            ]
        },
        {
        	"hideExpression": "!(model.accessCategories && (model.accessCategories.WFM == true))",
            "hide": true,
            "type": "label",
            "name": "Request Access for RG",
            "info": "Request Access for RG",
            "required": false,
            "data": {
                "childKey": "wfmRGAccess"
            }
        },
        {
            "hideExpression": "!(model.accessCategories && (model.accessCategories.WFM == true))",
            "hide": true,
            "key": "wfmRGAccess",
            "className": "clearfix",
            "type": "checkbox",
            "name": "Request Access for RG",
            "defaultValue": true,
            "templateOptions": {
                "type": "grouped",
                "disabled": true,
                "required": false
            },
            "data": {
                "valuetype": "single",
                "displaySequence": 3
            }
        },
        {
            "hideExpression": "!(model.accessCategories && (model.accessCategories.RPM == true))",
            "hide": true,
            "elementAttributes": {
                "layout": "column",
                "layout-sm": "column"
            },
            "fieldGroup": [
                {
                    "type": "mainheader",
                    "name": "Access to RPM",
                    "info": "Access to RPM",
                    "data": {
                        "showInfoIcon": false
                    }
                },
                {
                    "type": "label",
                    "key": "RPM-label",
                    "name": "",
                    "info": "",
                    "data": {
                        "showTooltipFromField": "accessCategories",
                        "displaySequence": 4
                    }
                }
            ]
        },
        {
        	"hideExpression": "!(model.accessCategories && (model.accessCategories.RPM == true))",
            "hide": true,
            "type": "label",
            "name": "Request Access for RG",
            "info": "Request Access for RG",
            "required": false,
            "data": {
                "childKey": "rpmRGAccess"
            }
        },
        {
            "hideExpression": "!(model.accessCategories && (model.accessCategories.RPM == true))",
            "hide": true,
            "key": "rpmRGAccess",
            "className": "clearfix",
            "type": "checkbox",
            "name": "Request Access for RG",
            "defaultValue": true,
            "templateOptions": {
                "type": "grouped",
                "disabled": true,
                "required": false
            },
            "data": {
                "valuetype": "single",
                "displaySequence": 5
            }
        },
        {
            "hideExpression": "!(model.accessCategories && (model.accessCategories.ROL == true))",
            "hide": true,
            "elementAttributes": {
                "layout": "column",
                "layout-sm": "column"
            },
            "fieldGroup": [
                {
                    "type": "mainheader",
                    "name": "Access to ROL",
                    "info": "Access to ROL",
                    "data": {
                        "showInfoIcon": false
                    }
                },
                {
                    "type": "label",
                    "key": "ROL-label",
                    "name": "",
                    "info": "",
                    "data": {
                        "showTooltipFromField": "accessCategories",
                        "displaySequence": 6
                    }
                }
            ]
        },
        {
            "hideExpression": "!(model.accessCategories && (model.accessCategories.ROL == true))",
            "hide": true,
            "type": "label",
            "name": "RAMP Online training completed?",
            "info": "RAMP Online training completed?",
            "required": true,
            "data": {
                "childKey": "rampOnlineTraining"
            }
        },
        {
            "hideExpression": "!(model.accessCategories && (model.accessCategories.ROL == true))",
            "hide": true,
            "key": "rampOnlineTraining",
            "className": "clearfix",
            "type": "checkbox",
            "name": "RAMP Online training completed?",
            "templateOptions": {
                "type": "grouped",
                "disabled": false,
                "required": true
            },
            "data": {
                "valuetype": "single",
                "displaySequence": 7
            }
        },
        {
            "hideExpression": "!model.rampOnlineTraining || !(model.accessCategories && (model.accessCategories.ROL == true))",
            "hide": true,
            "type": "label",
            "name": "ROL Application Role",
            "info": "Based on the Policy Role, the Application Role is ",
            "data": {
                "childKey": "rampOnlineApplicationRole"
            }
        },
        {
            "hideExpression": "!model.rampOnlineTraining || !(model.accessCategories && (model.accessCategories.ROL == true))",
            "hide": true,
            "type": "customradio",
            "name": "ROL Application Role",
            "key": "rampOnlineApplicationRole",
            "className": "flex-50 inline-block",
            "templateOptions": {
                "label": "Based on the Policy Role, the Application Role is ",
                "labelProp": "label",
                "valueProp": "name",
                "options": [
                ]
            },
            "data": {
                "refData": "snp.refData.ROL.attribute.data",
                "showFirstChecked": true,
                "displaySequence": 8
            }
        },
        {
            "hideExpression": "!model.rampOnlineTraining || !(model.accessCategories && (model.accessCategories.ROL == true))",
            "hide": true,
            "elementAttributes": {
                "layout": "column",
                "layout-sm": "column"
            },
            "fieldGroup": [
                {
                    "type": "header",
                    "name": "ROL Regions",
                    "info": "ROL Regions",
                    "required": true,
                    "data": {
                        "childKey": "rampOnlineRegions"
                    }
                },
                {
                    "type": "multiselect",
                    "key": "rampOnlineRegions",
                    "name": "ROL Regions",
                    "templateOptions": {
                        "label": "",
                        "key": "rampOnlineRegion",
                        "options": [],
                        "required": true
                    },
                    "data": {
                        "refData": "snp.refData.ROL.region.data",
                        "displaySequence": 9
                    }
                }
            ]
        },
        {
        	"hideExpression": "!model.rampOnlineTraining || !(model.accessCategories && (model.accessCategories.ROL == true))",
            "hide": true,
            "type": "label",
            "name": "Request Access for RG",
            "info": "Request Access for RG",
            "required": false,
            "data": {
                "childKey": "rampOnlineRGAccess"
            }
        },
        {
            "hideExpression": "!model.rampOnlineTraining || !(model.accessCategories && (model.accessCategories.ROL == true))",
            "hide": true,
            "key": "rampOnlineRGAccess",
            "className": "clearfix",
            "type": "checkbox",
            "name": "Request Access for RG",
            "defaultValue": true,
            "templateOptions": {
                "type": "grouped",
                "disabled": true,
                "required": false
            },
            "data": {
                "valuetype": "single",
                "displaySequence": 10
            }
        },
        {
            "hideExpression": "!(model.accessCategories && (model.accessCategories.RDR == true))",
            "hide": true,
            "elementAttributes": {
                "layout": "column",
                "layout-sm": "column"
            },
            "fieldGroup": [
                {
                    "type": "mainheader",
                    "name": "Access to RDR",
                    "info": "Access to RDR",
                    "data": {
                        "showInfoIcon": false
                    }
                },
                {
                    "type": "label",
                    "key": "RDR-label",
                    "name": "",
                    "info": "",
                    "data": {
                        "showTooltipFromField": "accessCategories"
                    }
                },
                {
		        	"type": "label",
		        	"key": "rdrApplicationRole",
		            "name": "RDR Application Role",
		            "info": "",
		            "className": "underline-text",
		            "templateOptions": {
		                "label": "Content Access : "
		            },
		            "data": {
		                "refData": "snp.refData.RDR.attribute.data",
		                "addToModel": true,
		                "displaySequence": 11
                	}
		        }
            ]
        },
        {
            "hideExpression": "!(model.accessCategories && (model.accessCategories.RDR == true))",
            "hide": true,
            "elementAttributes": {
                "layout": "row",
                "layout-sm": "row"
            },
            "fieldGroup": [
                {
                	"hideExpression": "false",
                	"hide": false,
                	"type": "label",
                	"name": "RDR Special Role",
                    "info": "RDR Special Role",
                    "className": "middle-align",
                    "data": {
		                "childKey": "rdrSpecialRole",
		                "hideWhenNoOptions": true
		            }
                },
		        {
		        	"hideExpression": "false",
                	"hide": false,
		        	"type": "customselect",
		            "name": "RDR Special Role",
		            "key": "rdrSpecialRole",
		            "className": "flex-50",
		            "templateOptions": {
		                "label": "",
		                "labelProp": "label",
		                "valueProp": "name",
		                "options": []
		            },
		            "data": {
		            	"refData": "snp.refData.RDR.specialAttribute.data",
		            	"hideWhenNoOptions": true,
		                "displaySequence": 12
		            }
	        	}
            ]
        },
        {
            "hideExpression": "!(model.accessCategories && (model.accessCategories.RDR == true))",
            "hide": true,
            "elementAttributes": {
                "layout": "column",
                "layout-sm": "column"
            },
            "fieldGroup": [
                {
                    "hide": false,
                    "type": "header",
                    "name": "RDR Special Content Access",
                    "info": "RDR Special Content Access",
                    "data": {
                        "childKey": "rdrSpecialContentAccesses"
                    }
                },
                {
                    "hideExpression": "!(model.accessCategories && (model.accessCategories.RDR == true))",
                    "hide": false,
                    "type": "multiselect",
                    "key": "rdrSpecialContentAccesses",
                    "name": "RDR Special Content Access",
                    "templateOptions": {
                        "label": "",
                        "key": "rdrSpecialContentAccess",
                        "options": [],
                        "required": false
                    },
                    "data": {
                        "refData": "snp.refData.RDR.specialContent.data",
                        "displaySequence": 13
                    }
                }
            ]
        },
        {
        	"hideExpression": "!(model.accessCategories && (model.accessCategories.RDR == true))",
            "hide": true,
            "type": "label",
            "name": "Request Access for RG",
            "info": "Request Access for RG",
            "required": false,
            "data": {
                "childKey": "rdrRGAccess"
            }
        },
        {
            "hideExpression": "!(model.accessCategories && (model.accessCategories.RDR == true))",
            "hide": true,
            "key": "rdrRGAccess",
            "className": "clearfix",
            "type": "checkbox",
            "name": "Request Access for RG",
            "defaultValue": true,
            "templateOptions": {
                "type": "grouped",
                "disabled": true,
                "required": false
            },
            "data": {
                "valuetype": "single",
                "displaySequence": 14
            }
        },
        {
            "type": "mainheader",
            "name": "Justification",
            "info": "Justification",
            "required": true,
            "data": {
                "childKey": "justification"
            }
        },
        {
            "type": "textarea",
            "name": "Justification",
            "key": "justification",
            "templateOptions": {
                "rows": 4,
                "required": true
            },
            "data": {
                "displaySequence": 15
            }
        },
        {
            "hide":true,
            "key": "managerOnLeave",
            "type": "checkbox",
            "name": "Manager On Leave",
            "templateOptions": {
                "label": "Is your manager out of office? If yes, and you need this access urgently, then check this box.DSC will attempt to contact your manager. Please note that this request will be held till we get approval from your manager."
            },
            "data": {
                "displaySequence": 16
            }
        }
    ]
}
