{
    "LINX": [
        {
            "type": "appheader",
            "name": "LINX",
            "info": "LINX",
            "data": {
                "collapseHeader": true,
                "showInfoIcon": false
            }
        },
        {
            "className": "flex-50",
            "type": "treedropdown",
            "key": "region",
            "name": "Region",
            "templateOptions": {
                "required": true,
                "label": "Region",
                "options": [
                ]
            }
        },
        {
            "className": "flex-50",
            "type": "multiselectfullview",
            "key": "departments",
            "name": "Department",
            "templateOptions": {
                "key": "department",
                "required": true,
                "label": "Department",
                "labelProp": "name",
                "valueProp": "id",
                "options": []
            }
        }

    ]
}