{
    "elements": [
        {
            "type": "label",
            "name": "Completed Publishing Training",
            "info": "Completed Publishing Training",
            "required": true,
            "data": {
                "childKey": "completedPublishingTraining"
            }
        },
        {
            "key": "completedPublishingTraining",
            "type": "checkbox",
            "className": "clearfix",
            "name": "Completed Publishing Training",
            "templateOptions": {
                "required": true

            },
            "data": {
                "displaySequence": 1
            }
        },
        
        {
            "hideExpression": "!model.completedPublishingTraining",
            "type": "label",
            "name": "Select Application Role",
            "info": "Select Application Role",
            "required": true,
            "data": {
                "childKey": "applicationRole"
            }
        },
        {
        	"hideExpression": "!model.completedPublishingTraining",
            "key": "applicationRole",
            "type": "customradio",
            "className": "clearfix",
            "name": "Application Role",
            "templateOptions": {
                "required": true

            },
            "templateOptions": {
                "label": "",
                "labelProp": "label",
                "valueProp": "name",
                "options": [
                ]
            },
            "data": {
            	"showFirstChecked": true,
                "refData": "snp.refData.PAM.attribute.data",
                "displaySequence": 2
            }
        },
        {
            "hideExpression": "!model.completedPublishingTraining",
            "type": "label",
            "name": "PAM application access will be granted based upon the Reference information - Functional Role, Region and Department provided.",
            "info": "PAM application access will be granted based upon the Reference information - Functional Role, Region and Department provided.",
            "className":"pam-label-display"
        },
        {
            "type": "header",
            "name": "Justification",
            "info": "Justification",
            "required": true,
            "data": {
                "childKey": "justification"
            }
        },
        {
            "type": "textarea",
            "name": "Justification",
            "key": "justification",
            "templateOptions": {
                "rows": 4,
                "required": true
            },
            "data": {
                "displaySequence": 3
            }
        },
        {
            "hide":true,
            "key": "managerOnLeave",
            "type": "checkbox",
            "name": "Manager On Leave",
            "templateOptions": {
                "label": "Is your manager out of office? If yes, and you need this access urgently, then check this box.DSC will attempt to contact your manager. Please note that this request will be held till we get approval from your manager."
            },
            "data": {
                "displaySequence": 4
            }
        }
    ]
}
