{
    "elements": [
        {
            "hide": false,
            "type": "header",
            "name": "Do you want to be a voter ?",
            "info": "Do you want to be a voter ?",
            "required": true,
            "data": {               
                "childKey": "voterFlag"
            }
        },
        {
            "hide": false,
            "key": "voterFlag",
            "type": "customradio",
            "name": "Voter Flag",
            "templateOptions": {
                 "labelProp": "label",
                "valueProp": "name",
                "options": [
                    {
                        "name":"YES",
                        "label":"Yes"
                    },
                    {
                        "name":"NO",
                        "label":"No"
                    }
                ],
                "required": true
            },
            "data": {
                "refData":"snp.refData.voter.attribute.data",
                "displaySequence": 1,
                "showSelectedFromApi" : true
            }
        },
        {
            "type": "header",
            "name": "Select Access Details",
            "info": "Data Access",
            "required": true,
            "data": {
                "childKey": "dataAccess",
                "showInfoIcon": false
            }
        },
        {
            "type": "treedropdownselect",
            "key": "dataAccess",
            "name": "Data Access",
            "templateOptions": {
                "fields": [{
                        "elementAttributes": {
                            "layout": "row",
                            "layout-sm": "column"
                        },
                        "fieldGroup": [{
                                "className": "flex-50",
                                "type": "treedropdown",
                                "key": "region",
                                "name": "Region",
                                "templateOptions": {
                                    "label": "Region",
                                    "labelProp": "label",
                                    "valueProp": "name",
                                    "options": [
                                    ]
                                }
                            },{
                                "className": "flex-50",
                                "type": "treedropdown",
                                "key": "department",
                                "name": "Department",
                                "templateOptions": {
                                    "label": "Department",
                                    "options": [
                                    ]
                                }
                            } ]
                    }]
            },
            "data": {
                "displaySequence": 2
            }
        }, {
            "type": "header",
            "name": "Justification",
            "info": "Justification",
            "required": true,
             "data": {
                "childKey": "justification"
            }
        }, {
            "type": "textarea",
            "name": "Justification",
            "key": "justification",
            "templateOptions": {
                "rows": 4,
                "required": true
            },
            "data": {
                "displaySequence": 3
            }
           
        }]
}