{
    "elements": [
        {
            "type": "formdescription",
            "name": "Description",
            "info": "Selections should be limited to those items that are required to perform duties and job responsibilities"
        },
        {
            "type": "header",
            "name": "Select Access Details",
            "info": "Data Access",
            "required": true,
            "data": {
                "childKey": "dataAccess",
                "showInfoIcon": false
            }
        },
        {
            "type": "customaddselect",
            "key": "dataAccess",
            "name": "Data Access",
            "templateOptions": {
                "fields": [
                    {
                        "elementAttributes": {
                            "layout": "row",
                            "layout-sm": "column"
                        },
                        "fieldGroup": [
                            {
                                "className": "flex-50",
                                "type": "customselect",
                                "key": "region",
                                "name": "Region",
                                "templateOptions": {
                                    "label": "Region",
                                    "options": [
                                        {
                                            "id": "EMEA",
                                            "name": "EMEA"
                                        },
                                        {
                                            "id": "NA",
                                            "name": "North America"
                                        }
                                    ],
                                    "valueProp": "id",
                                    "labelProp": "name",
                                    "required": true
                                }
                            },
                            {
                                "className": "flex-50",
                                "type": "customselect",
                                "key": "department",
                                "name": "Department",
                                "templateOptions": {
                                    "label": "Department",
                                    "options": [
                                        {
                                            "id": "Insurance",
                                            "fk": "EME",
                                            "name": "Insurance"
                                        },
                                        {
                                            "id": "Healthcare",
                                            "fk": "NA",
                                            "name": "Healthcare"
                                        },
                                        {
                                            "id": "Structured Finance",
                                            "fk": "EMEA",
                                            "name": "Structured Finance"
                                        },
                                        {
                                            "id": "Automotive",
                                            "fk": "NA",
                                            "name": "Automotive"
                                        }
                                    ],
                                    "valueProp": "id",
                                    "labelProp": "name"
                                },
                                "expressionProperties": {
                                    "templateOptions.disabled": "!model.region"
                                }
                            }
                        ]
                    }
                ]
            },
            "data": {
                "displaySequence": 1
            }
        },
        {
            "type": "header",
            "name": "Justification",
            "info": "Justification",
            "required": true,
            "data": {
                "childKey": "justification"
            }
        },
        {
            "type": "textarea",
            "name": "Justification",
            "key": "justification",
            "templateOptions": {
                "rows": 4,
                "required": true
            },
            "data": {
                "displaySequence": 2
            }
        }
    ]
}