{
    "RDR": [
        {
            "type": "appheader",
            "name": "RDR",
            "info": "RDR",
            "data": {
                "showInfoIcon":false,
                "collapseHeader": true
            }
        },
        {
            "type": "header",
            "name": "RDR",
            "info": "RDR",
            "data": {               
                "childKey": "sepecialRole",
                "showInfoIcon": false                
            }
        },
        {
            "className": "flex-35",
            "type": "customselect",
            "key": "sepecialRole",
            "name": "Sepecial Role",
            "templateOptions": {
                "label": "Select Sepecial Role ",
                "labelProp": "name",
                "valueProp": "id",
                "required": true,
                "options": [
                    {
                        "id": "Role-1",
                        "name": "Role-1"
                    },
                    {
                        "id": "Role-2",
                        "name": "Role-2"
                    },
                    {
                        "id": "Role-3",
                        "name": "Role-3"
                    }
                ]
            }
        }     
        
    ]
}