{
  "data": {
    "children": [
      {
        "children": null,
        "name": "functionalUser",
        "attributes": {
          "label": "Functional User",
          "tooltip": "Create/Edit access to GST and 'non-rating assessment' WIP GRE Ramp - restricted by user's practice;Read access to GST and Historical GRE Ramp - restricted by user's practice"
        }
      },
      {
        "children": null,
        "name": "supportUser",
        "attributes": {
          "label": "Support User",
          "tooltip": "Create/Edit/Read access to all resources in GRE application"
        }
      },
      {
        "children": null,
        "name": "regularUser",
        "attributes": {
          "label": "Regular User",
          "tooltip": "Create/Edit/Read access to all resources in GRE application"
        }
      }
    ],
    "name": null,
    "attributes": null
  }
} 