{
  "data": {
    "children": [
      {
      	"name": "financialInstitutions",
        "attributes": {
          "label": "Financial Institutions Ratings"
        },
        "children": [
        	{
		        "children": null,
		        "name": "financialInstitutions",
		        "attributes": {
		          "label": "Financial Institutions"
		        }
	      	}
        ]
      },
      {
      	"name": "structuredFinance",
        "attributes": {
          "label": "Structured Finance Ratings"
        },
        "children": [
        	{
		        "children": null,
		        "name": "NorthAmerica",
		        "attributes": {
		          "label": "ABS/ABCP North America"
		        }
	      	},
	      	{
		        "children": null,
		        "name": "EMEA",
		        "attributes": {
		          "label": "ABS/ABCP EMEA"
		        }
	      	},
	      	{
		        "children": null,
		        "name": "Japan",
		        "attributes": {
		          "label": "ABS/ABCP Japan"
		        }
	      	},
	      	{
		        "children": null,
		        "name": "LATAMAPAC",
		        "attributes": {
		          "label": "ABS/ABCP LATAM & APAC Ex. Japan"
		        }
	      	}
        ]
      },
      {
      	"name": "usPublicFinance",
        "attributes": {
          "label": "US Public Finance Ratings"
        },
        "children": [
        	{
		        "children": null,
		        "name": "Infrasructure",
		        "attributes": {
		          "label": "Infrasructure"
		        }
	      	},
	      	{
		        "children": null,
		        "name": "StateLocalGov",
		        "attributes": {
		          "label": "State & Local Gov't"
		        }
	      	},
	      	{
		        "children": null,
		        "name": "Healthcare",
		        "attributes": {
		          "label": "Healthcare"
		        }
	      	},
	      	{
		        "children": null,
		        "name": "HigherEducation",
		        "attributes": {
		          "label": "Higher Education"
		        }
	      	},
	      	{
		        "children": null,
		        "name": "Housing",
		        "attributes": {
		          "label": "Housing"
		        }
	      	}
        ]
      }
    ],
    "name": null,
    "attributes": null
  }
}