{
    "data": {
        "children": [
            {
                "children": null,
                "name": "Read-Only",
                "attributes": {
                    "label": "Read Only"
                }
            },
            {
                "children": null,
                "name": "Read-Write",
                "attributes": {
                    "label": "Read Write"
                }
            },
            {
                "children": null,
                "name": "Full-Access",
                "attributes": {
                    "label": "Full Access"
                }
            }
        ],
        "name": null,
        "attributes": null
    }

}
