{
    "data": {
        "children": [
            {
                "name": "EMEA",
                "attributes": {
                    "label": "EMEA"
                },
                "children": null
            },
            {
                "name": "Latin America",
                "attributes": {
                    "label": "Latin America"
                },
                "children": null
            },
            {
                "name": "North America",
                "attributes": {
                    "label": "North America"
                },
                "children": [
                    {
                        "name": "USA",
                        "attributes": {
                            "label": "USA"
                        },
                        "children": null
                    },
                    {
                        "name": "Canada",
                        "attributes": {
                            "label": "Canada"
                        },
                        "children": null
                    },
                    {
                        "name": "Mexico",
                        "attributes": {
                            "label": "Mexico"
                        },
                        "children": null
                    }
                ]
            }
        ],
	    "name": null,
	    "attributes": null
  	}
}
