{
    "data": {
        "children": [
            {
                "name": "Corporate and Government Ratings",
                "attributes": {
                    "label": "Corporate and Government Ratings"
                },
                "children": [
                    {
                        "name": "Financial Institutions Ratings",
                        "attributes": {
                            "label": "Financial Institutions Ratings"
                        },
                        "children": [
                            {
                                "name": "Asset Managers",
                                "attributes": {
                                    "label": "Asset Managers"
                                },
                                "children": null
                            },
                            {
                                "name": "Bank",
                                "attributes": {
                                    "label": "Bank"
                                },
                                "children": null
                            },
                            {
                                "name": "Credit Union",
                                "attributes": {
                                    "label": "Credit Union"
                                },
                                "children": null
                            }
                        ]
                    },
                    {
                        "name": "Public Finance Ratings",
                        "children": [
                            {
                                "name": "Public Utility",
                                "attributes": {
                                    "label": "Public Utility"
                                },
                                "children": null
                            },
                            {
                                "name": "Health Care",
                                "attributes": {
                                    "label": "Health Care"
                                },
                                "children": null
                            },
                            {
                                "name": "Boston Administration",
                                "attributes": {
                                    "label": "Boston Administration"
                                },
                                "children": null
                            }
                        ]
                    }
                ]
            },
            {
                "name": "Structured Finance Ratings",
                "attributes": {
                    "label": "Structured Finance Ratings"
                },
                "children": [
                    {
                        "name": "ABS",
                        "attributes": {
                            "label": "ABS"
                        },
                        "children": null
                    },
                    {
                        "name": "ABCP",
                        "attributes": {
                            "label": "ABCP"
                        },
                        "children": null
                    },
                    {
                        "name": "Structured Credit",
                        "attributes": {
                            "label": "Structured Credit"
                        },
                        "children": null
                    }
                ]
            }
        ],
	    "name": null,
	    "attributes": null
  	}
}