{
    "elements": [
        {
            "elementAttributes": {
                "layout": "column",
                "layout-sm": "column"
            },
            "fieldGroup": [
                {
                    "hide": false,
                    "type": "header",
                    "name": "Corporate And Governments",
                    "info": "Available applications",                    
                    "data": {
                        "childKey": "corporateAndGovernments"
                    }
                },
                {
                    "hide": false,
                    "type": "multiselect",
                    "name": "Corporate And Governments",
                    "key": "corporateAndGovernments",
                    "templateOptions": {
                        "label": "",
                        "key": "corporateAndGovernment",
                        "options": []                        
                    },
                    "data": {
                        "refData": "snp.refData.RG.CGAttribute.data",
                        "displaySequence": 1
                    }
                }
            ]

        },
        {
            "elementAttributes": {
                "layout": "column",
                "layout-sm": "column"
            },
            "fieldGroup": [
                {
                    "hide": false,
                    "type": "header",
                    "name": "C&G Specific Apps",
                    "info": "C & G Basic Apps includes: News & Research, Credits, Quality Standards, Documents and Models, Market Analysis (HUGIN), Compliance and support & Tools.",                    
                    "data": {
                        "childKey": "CGSpecificApps"
                    }
                },
                {
                    "hide": false,
                    "type": "multiselect",
                    "name": "C&G Specific Apps",
                    "key": "CGSpecificApps",
                    "templateOptions": {
                        "label": "",
                        "key": "CGSpecificApp",
                        "options": []                        
                    },
                    "data": {
                        "refData": "snp.refData.RG.CGAppsAttribute.data",
                        "displaySequence": 2
                    }
                }
            ]

        },
        {
            "elementAttributes": {
                "layout": "column",
                "layout-sm": "column"
            },
            "fieldGroup": [
                {
                    "hide": false,
                    "type": "header",
                    "name": "Structured Finance",
                    "info": "Available applications",                    
                    "data": {
                        "childKey": "structuredFinances"
                    }
                },
                {
                    "hide": false,
                    "type": "multiselect",
                    "name": "Structured Finance",
                    "key": "structuredFinances",
                    "templateOptions": {
                        "label": "",
                        "key": "structuredFinance",
                        "options": []                        
                    },
                    "data": {
                        "refData": "snp.refData.RG.SFAttribute.data",
                        "displaySequence": 3
                    }
                }
            ]

        },
        {
            "elementAttributes": {
                "layout": "column",
                "layout-sm": "column"
            },
            "fieldGroup": [
                {
                    "hide": false,
                    "type": "header",
                    "name": "SF Specific Apps",
                    "info": "SF Basic Apps includes: Home, Portfolio, Documents & Models, News & Research, Market Analytics (HUGIN), Compliance and Support & Tools.",                    
                    "data": {
                        "childKey": "SFSpecificApps"
                    }
                },
                {
                    "hide": false,
                    "type": "multiselect",
                    "name": "SF Specific Apps",
                    "key": "SFSpecificApps",
                    "templateOptions": {
                        "label": "",
                        "key": "SFSpecificApp",
                        "options": []                        
                    },
                    "data": {
                        "refData": "snp.refData.RG.SFAppsAttribute.data",
                        "displaySequence": 4
                    }
                }
            ]

        },
        {
            "elementAttributes": {
                "layout": "column",
                "layout-sm": "column"
            },
            "fieldGroup": [
                {
                    "hide": false,
                    "type": "header",
                    "name": "Data Office",
                    "info": "Data Office",                    
                    "data": {
                        "childKey": "DSOs"
                    }
                },
                {
                    "hide": false,
                    "type": "multiselect",
                    "name": "Data Office",
                    "key": "DSOs",
                    "templateOptions": {
                        "label": "",
                        "key": "DSO",
                        "options": []                        
                    },
                    "data": {
                        "refData": "snp.refData.RG.DSOAttribute.data",
                        "displaySequence": 5
                    }
                }
            ]

        },
        {
            "type": "header",
            "name": "Justification",
            "info": "Justification",
            "required": true,
            "data": {
                "childKey": "justification"
            }
        },
        {
            "type": "textarea",
            "name": "Justification",
            "key": "justification",
            "templateOptions": {
                "rows": 4,
                "required": true
            },
            "data": {
                "displaySequence": 6
            }

        },
        {
            "hide":true,
            "key": "managerOnLeave",
            "type": "checkbox",
            "name": "Manager On Leave",
            "templateOptions": {
                "label": "Is your manager out of office? If yes, and you need this access urgently, then check this box.DSC will attempt to contact your manager. Please note that this request will be held till we get approval from your manager."
            },
            "data": {
                "displaySequence": 7
            }
        }

    ]
}
