{
    "elements": [
        {
            "type": "label",
            "name": "RAMP Online",
            "info": "RAMP Online training completed?",
            "required": true,
            "data": {
                "childKey": "rampOnlineTraining"
            }
        },
        {
            "key": "rampOnlineTraining",
            "type": "checkbox",
            "name": "RAMP Online",
            "templateOptions": {
                "type": "grouped",
                "disabled": false,
                "required": true
            },
            "data": {
                "valuetype": "single",
                 "displaySequence": 1
            }
        },
        {
            "type": "header",
            "name": "Application Role (based on your Enterprise policy role)",
            "info": "Application Role",
            "required": true,
            "hideExpression": "!model.rampOnlineTraining",
            "data": {
                "childKey": "applicationRole"
            }
        },
        {
            "type": "customselect",
            "name": "Application Role",
            "key": "applicationRole",
            "className": "flex-50",
            "templateOptions": {
                "label": "",
                "labelProp": "label",
                "valueProp": "name",
                "options": [
                ]
            },
            "data": {
                "refData": "snp.refData.ROL.attribute.data",
                "showFirstSelected": true,
                "displaySequence": 2
            },
            "hideExpression": "!model.rampOnlineTraining"
        },
        {
            "elementAttributes": {
                "layout": "column",
                "layout-sm": "column"
            },
            "fieldGroup": [
                {
                    "hide": false,
                    "type": "header",
                    "name": "Regions",
                    "info": "Regions",
                    "data": {
                        "childKey": "regions"
                    }
                },
                {
                    "hide": false,
                    "type": "multiselect",
                    "key": "regions",
                    "name": "Regions",
                    "templateOptions": {
                        "label": "",
                        "key": "region",
                        "options": [],
                        "required": true
                    },
                    "data": {
                        "refData": "snp.refData.ROL.region.data"
                    }
                }
            ],
            "hideExpression": "!model.rampOnlineTraining",
            "data":{
                "displaySequence": 3
            }
            
        },
        {
            "type": "header",
            "name": "Justification",
            "info": "Justification",
            "required": true,
            "data": {
                "childKey": "justification"
            }
        },
        {
            "type": "textarea",
            "name": "Justification",
            "key": "justification",
            "templateOptions": {
                "rows": 4,
                "required": true
            },
            "data":{
                "displaySequence": 4
            }
        }
    ]
}
