{
    "RPM": [
        {
            "type": "appheader",
            "name": "RPM",
            "info": "RPM",
            "data": {
                "showInfoIcon":false,
                "collapseHeader": true
            }
        },
        {
            "type": "header",
            "name": "RPM",
            "info": "RPM",
            "data": {
                "childKey": "currentFunctionalRoles",
                "showInfoIcon":false,
                "collapseHeader": true
            }
        },
        {
            "type": "multicheckbox",
            "key": "currentFunctionalRoles",
            "name": "Current Functional Role",
            "templateOptions": {
                "label": "Select Current Functional Role ",
                "key": "currentFunctionalRole",
                "options": [
                    {
                        "label": "Role-1",
                        "name": "Role-1"
                    },
                    {
                        "label": "Role-2",
                        "name": "Role-2"
                    },
                    {
                        "label": "Role-3",
                        "name": "Role-3"
                    }
                ]
            }

        }
    ]
}