{
    "elements": [
        {
            "key": "ipAddress",
            "type": "input",
            "optionsTypes": ["ipAddress"],
            "data": {
                "validation": true
            }

        },
        {
            "elementAttributes": {
                "layout": "row",
                "layout-sm": "column"
            },
            "fieldGroup": [
                {
                    "key": "firstName",
                    "className": "flex",
                    "type": "input",
                    "templateOptions": {
                        "label": "First Name"
                    },
                    "validators": {
                        "notBob": "$viewValue!=='bob'"
                    }

                }, {
                    "key": "lastName",
                    "className": "flex",
                    "type": "input",
                    "templateOptions": {
                        "label": "Last Name",
                        "required": true
                    },
                    "data": {
                        "validation": true
                    }

                }
            ]
        },
        {
            "elementAttributes": {
                "layout": "row",
                "layout-sm": "column"
            },
            "fieldGroup": [
                {
                    "key": "knowsMuffinMan",
                    "type": "checkbox",
                    "templateOptions": {
                        "label": "Do you know the muffin man?"
                    }

                },
                {
                    "type": "datepickerTo",
                    "key": "endDate"

                }
            ]
        },
        {
            "type": "header",
            "info": "Content"
        },
        {
            "elementAttributes": {
                "layout": "row",
                "layout-sm": "column"
            },
            "fieldGroup": [{
                    
                    "key": "commercialContent",
                    "type": "checkbox",
                    "name": "commercialContent",
                    "templateOptions": {
                        "type": "grouped",
                        "label": "Commercial Content"
                    }
                }, {
                    
                    "key": "anaticalContent",
                    "type": "checkbox",
                    "name": "anaticalContent",
                    "templateOptions": {
                        "type": "grouped",
                        "label": "Anatical Content"
                    }
                }]
        }

    ]
}