{
  "data": {
    "children": [
      {
        "children": null,
        "name": "WFM",
        "attributes": {
          "preCondition": {
            "paragraph": [
              "To request access to GRE you must have one of these Enterprise Policy roles in your profile: Analytical, Associated 1, Associated 2, Associated 3, Control 1 or Control 2.",
              "You should also have at least one of the departments in Corporate and Government Ratings in your profile."
            ]
          },
          "description": {
            "paragraph": [
              "Government Related Entities (GRE): A data depository for analytical information used for assessing the likelihood of extraordinary support for government related entities. It is also a model that includes the scoring tool to generate the likelihood of extraordinary support based on inputs of government support template (GST), policy roles, and links to the government."
            ]
          },
          "label": "WFM",
          "type": "Application"
        }
      }
    ],
    "name": null,
    "attributes": null
  }
}