{
  "data": {
    "children": [
      {
        "children": null,
        "name": "RDR",
        "attributes": {
          "preCondition": {
            "paragraph": [
              "To request access to PAM you must have one of the following Enterprise Policy roles in your profile:  Analytical, Associated 1  or Associated 2."
            ]
          },
          "description": {
            "paragraph": [
              "Publishing Articles Manager (PAM): A publishing system through which Analysts publish Research Updates and rating action Media Releases (currently excludes Corporate Securitizations, Insurance Linked Securitizations, and Covered Bonds)."
            ]
          },
          "label": "RDR",
          "type": "Application"
        }
      },
      {
        "children": null,
        "name": "RPM",
        "attributes": {
          "preCondition": {
            "paragraph": [
              "To request access to LINX you must have one of the following Enterprise Policy roles in your profile : Analytical, Commercial, General Manager, Control1, Control 2, Associated 1, Associated 2, Associated 3 or Associated 5."
            ]
          },
          "description": {
            "paragraph": [
              "LinX: A publishing system through which Analysts publish their information online through a Free Website and RatingsDirect.com/GCP."
            ]
          },
          "label": "RPM",
          "type": "Application"
        }
      }
    ],
    "name": null,
    "attributes": null
  }
}