{
  "data": {
    "children": [
      {
        "children": null,
        "name": "LINX",
        "attributes": {
          "preCondition": {
            "paragraph": [
              "The ARP application should be selected only if you require access to the Data Support Center role."
            ]
          },
          "description": {
            "paragraph": [
              "Access Request Portal (ARP): An application used to request and approve access to functional roles, regions and departments for S&P Global Ratings Systems."
            ]
          },
          "label": "LINX",
          "type": "Application"
        }
      },
      {
        "children": null,
        "name": "CORE",
        "attributes": {
          "policyRole": [
            "COM1",
            "GM1",
            "CON1",
            "CON2",
            "ASC1",
            "ASC2",
            "ASC3",
            "ASC4",
            "ASC5"
          ],
          "preCondition": {
            "points": [
              "To request access to CORE you must have one of the following Enterprise Policy roles in your profile: Analytical, Commercial, Associated 1, Associated 2, Associated 3, Associated 4, Control 1, Control 2, or General Manager.",
              "***Analytical Users: CORE access will only be granted for special use cases, all other requests will be denied***"
            ]
          },
          "description": {
            "paragraph": [
              "Corporate Repository (CORE): The database of record for Ratings Services’ ratings and ratings-related data.",
              "***Analytical Users: CORE access will only be granted for special use cases, all other requests will be denied***"
            ]
          },
          "label": "Corporate Repository (CORE)",
          "type": "Application"
        }
      }
    ],
    "name": null,
    "attributes": null
  }
}