{
    "elements": [
        {
            "type": "label",
            "info": "Request GRE Access"
        },
        {
            "type": "radio",
            "name": "access",
            "key": "access",
            "templateOptions": {
                "options": [
                    {
                        "value": "yes",
                        "name": "Yes"
                    },
                    {
                        "value": "no",
                        "name": "No"
                    }
                ]
            }

        },
        {
            "type": "header",
            "info": "Environment"
        },
        {
            "className": "display-flex",
            "fieldGroup": [
                {
                    "type": "radio",
                    "name": "access",
                    "key": "access",
                    "templateOptions": {
                        "options": [
                            {
                                "value": "yes",
                                "name": "Yes"
                            },
                            {
                                "value": "no",
                                "name": "No"
                            }
                        ]
                    }

                }
            ]

        },
        {
            "type": "header",
            "info": "Content"
        },
        {
            "elementAttributes": {
                "layout": "row",
                "layout-sm": "column"
            },
            "fieldGroup": [{
                    "key": "commercialContent",
                    "type": "checkbox",
                    "name": "commercialContent",
                    "templateOptions": {
                        "type": "grouped",
                        "label": "Commercial Content"
                    }
                }, {
                    "key": "anaticalContent",
                    "type": "checkbox",
                    "name": "anaticalContent",
                    "templateOptions": {
                        "type": "grouped",
                        "label": "Anatical Content"
                    }
                }]
        },
        {
            "type": "header",
            "info": "Profile"
        },
        {
            "className": "display-flex",
            "fieldGroup": [
                {
                    "className": "flex-1",
                    "type": "input",
                    "key": "firstName",
                    "templateOptions": {
                        "label": "First Name"
                    }
                },
                {
                    "className": "flex-1",
                    "type": "input",
                    "key": "lastName",
                    "templateOptions": {
                        "label": "Last Name"
                    },
                    "expressionProperties": {
                        "templateOptions.disabled": "!model.firstName"
                    }
                }
            ]
        },
        {
            "type": "header",
            "info": "Special Content Access"
        },
        {
            "elementAttributes": {
                "layout": "row",
                "layout-sm": "column"
            },
            "fieldGroup": [
                {
                    "className": "flex-1",
                    "key": "commercialContent",
                    "type": "checkbox",
                    "name": "commercialContent",
                    "templateOptions": {
                        "type": "grouped",
                        "label": "Commercial Content"
                    }
                }, {
                    "className": "flex-1",
                    "key": "anaticalContent",
                    "type": "checkbox",
                    "name": "anaticalContent",
                    "templateOptions": {
                        "type": "grouped",
                        "label": "Anatical Content"
                    }
                },
                {
                    "className": "flex-1",
                    "key": "commercialContent",
                    "type": "checkbox",
                    "name": "commercialContent",
                    "templateOptions": {
                        "type": "grouped",
                        "label": "Commercial Content"
                    }
                }, {
                    "className": "flex-1",
                    "key": "anaticalContent",
                    "type": "checkbox",
                    "name": "anaticalContent",
                    "templateOptions": {
                        "type": "grouped",
                        "label": "Anatical Content"
                    }
                }

            ]
        },
        {
            "elementAttributes": {
                "layout": "row",
                "layout-sm": "column"
            },
            "fieldGroup": [
                {
                    "className": "flex-1",
                    "key": "commercialContent",
                    "type": "checkbox",
                    "name": "commercialContent",
                    "templateOptions": {
                        "type": "grouped",
                        "label": "Commercial Content"
                    }
                }, {
                    "className": "flex-1",
                    "key": "anaticalContent",
                    "type": "checkbox",
                    "name": "anaticalContent",
                    "templateOptions": {
                        "type": "grouped",
                        "label": "Anatical Content"
                    }
                },
                {
                    "className": "flex-1",
                    "key": "commercialContent",
                    "type": "checkbox",
                    "name": "commercialContent",
                    "templateOptions": {
                        "type": "grouped",
                        "label": "Commercial Content"
                    }
                }, {
                    "className": "flex-1",
                    "key": "anaticalContent",
                    "type": "checkbox",
                    "name": "anaticalContent",
                    "templateOptions": {
                        "type": "grouped",
                        "label": "Anatical Content"
                    }
                }
            ]
        },
        {
            "type": "header",
            "info": "Database Information"
        },
        {
            "className": "display-flex",
            "fieldGroup": [
                {
                    "type": "select",
                    "name": "dbname",
                    "key": "dbname",
                    "className": "flex-1",
                    "templateOptions": {
                        "label": "Database",
                        "labelProp": "name",
                        "valueProp": "id",
                        "options": [
                            {
                                "id": 2,
                                "name": "Oracle10g"
                            },
                            {
                                "id": 3,
                                "name": "MySQL"
                            },
                            {
                                "id": 4,
                                "name": "Oracle11g"
                            }
                        ]
                    }

                },
                {
                    "type": "select",
                    "name": "environment",
                    "key": "environment",
                    "className": "flex-1",
                    "templateOptions": {
                        "label": "Environment",
                        "labelProp": "name",
                        "valueProp": "id",
                        "options": [
                            {
                                "id": 2,
                                "name": "Dev"
                            },
                            {
                                "id": 3,
                                "name": "QA"
                            },
                            {
                                "id": 4,
                                "name": "PROD"
                            }
                        ]
                    },
                    "expressionProperties": {
                        "templateOptions.disabled": "!model.dbname"
                    }
                }
            ]

        },
        {
            "type": "header",
            "info": "Data Access"
        },
        {
            "type": "customaddselect",
            "key": "dataAccess",
            "templateOptions": {
                "btnText": "Add More",
                "fields": [
                    {
                        "elementAttributes": {
                            "layout": "row",
                            "layout-sm": "column"
                        },
                        "fieldGroup": [
                            {
                                "className": "flex-2",
                                "wrapper": "loading",
                                "type": "priviledgeselect",
                                "key": "priviledges",
                                "templateOptions": {
                                    "label": "Priviledges",
                                    "options": [],
                                    "valueProp": "id",
                                    "labelProp": "name"
                                }

                            },
                            {
                                "className": "flex-1",
                                "type": "departmentselect",
                                "key": "departments",
                                "templateOptions": {
                                    "label": "Department",
                                    "options": [],
                                    "valueProp": "id",
                                    "labelProp": "name"

                                }

                            },
                            {
                                "className": "flex-1",
                                "type": "workroleselect",
                                "key": "workroles",
                                "templateOptions": {
                                    "label": "Work Role",
                                    "options": [],
                                    "valueProp": "id",
                                    "labelProp": "name"
                                }
                            }
                        ]
                    }
                ]
            }




        },
        {
            "type": "header",
            "info": "Linux Access Level"
        },
        {
            "className": "display-flex",
            "fieldGroup": [
                {
                    "type": "radio",
                    "name": "access",
                    "key": "access",
                    "templateOptions": {
                        "options": [
                            {
                                "value": "yes",
                                "name": "Yes"
                            },
                            {
                                "value": "no",
                                "name": "No"
                            }
                        ]
                    }

                }]



        },
        {
            "type": "header",
            "info": "Departments"
        },
        {
            "type": "multiselect",
            "key": "specialRoles",
            "name": "Special Roles",
            "templateOptions": {
                "label": "Credit Estimates",
                "options": [
                    {
                        "id": 1,
                        "name": "TEST1",
                        "children": [],
                        "isExpanded": false
                    },
                    {
                        "id": 2,
                        "name": "TEST2",
                        "children": [],
                        "isExpanded": false
                    },
                    {
                        "id": 3,
                        "name": "TEST3",
                        "children": [],
                        "isExpanded": false
                    },
                    {
                        "id": 4,
                        "name": "TEST4",
                        "children": [],
                        "isExpanded": false
                    },
                    {
                        "id": 5,
                        "name": "TEST5",
                        "children": [],
                        "isExpanded": false
                    }
                ]

            }


        },
        {
            "type": "header",
            "info": "Departments"
        },
        {
            "type": "multiselect",
            "key": "specialRoles1",
            "name": "Special Roles",
            "templateOptions": {
                "label": "Credit Estimates",
                "options": [
                    {
                        "id": 1,
                        "name": "TEST1",
                        "children": [],
                        "isExpanded": false
                    },
                    {
                        "id": 2,
                        "name": "TEST2",
                        "children": [],
                        "isExpanded": false
                    },
                    {
                        "id": 3,
                        "name": "TEST3",
                        "children": [],
                        "isExpanded": false
                    },
                    {
                        "id": 4,
                        "name": "TEST4",
                        "children": [],
                        "isExpanded": false
                    },
                    {
                        "id": 5,
                        "name": "TEST5",
                        "children": [],
                        "isExpanded": false
                    }
                ]

            }


        },
        {
            "type": "header",
            "info": "Content Access"
        },
        {
            "type": "radio",
            "name": "contentAccess",
            "key": "contentAccess",
            "templateOptions": {
                "options": [
                    {
                        "value": "rw",
                        "name": "Read/Write Access"

                    },
                    {
                        "value": "r",
                        "name": "Read only for all content"
                    }

                ]
            }

        },
        {
            "hideExpression": "model.contentAccess === 'r'",
            "hide": true,
            "className": "display-flex",
            "fieldGroup": [{
                    "key": "commercialContent",
                    "type": "checkbox",
                    "name": "commercialContent",
                    "templateOptions": {
                        "type": "grouped",
                        "label": "Commercial Content"
                    }
                }, {
                    "key": "anaticalContent",
                    "type": "checkbox",
                    "name": "anaticalContent",
                    "templateOptions": {
                        "type": "grouped",
                        "label": "Anatical Content"
                    }
                }]


        },
        {
            "type": "header",
            "info": "Special Access"
        },
        {
            "className": "display-flex",
            "key": "creditEstimates",
            "type": "checkbox",
            "name": "creditEstimates",
            "templateOptions": {
                "type": "grouped",
                "label": "Credit Estimates"
            }
        },
        {
            "className": "display-flex",
            "key": "tradingCompany",
            "type": "checkbox",
            "name": "tradingCompany",
            "templateOptions": {
                "type": "grouped",
                "label": "Trading Company"
            }
        },
        {
            "type": "header",
            "info": "Select Date"
        },
        {
            "className": "display-flex",
            "fieldGroup": [
                {
                    "type": "datepickerFrom",
                    "key": "startDate"

                },
                {
                    "type": "datepickerTo",
                    "key": "endDate"

                }
            ]
        },
        {
            "type": "textarea",
            "name": "justification",
            "key": "justification",
            "templateOptions": {
                "label": "Justification",
                "rows": 3
            }
        }
    ]

}










