{
    "WFM": [
        {
            "type": "appheader",
            "name": "WFM",
            "info": "WFM",
            "data": {
                "showInfoIcon":false,
                "collapseHeader": true
            }
        },
        {
            "type": "header",
            "name": "WFM",
            "info": "WFM",
            "data": {
                "childKey": "wfmInfo",
                "showInfoIcon":false
            }
        },
        {
            "type": "label",
            "key": "wfmInfo",
            "name": "WFM Info",
            "info": "WFM-RPM access will be granted based upon the reference information provided."
        }
    ]
}