{
    "elements": [
        {
            "type": "formdescription",
            "name": "Description",
            "info": "Selections should be limited to those items that are required to perform duties and job responsibilities"
        },
        {
            "type": "header",
            "name": "Database Access",
            "info": "Database Access",
            "required": true
        },
        {
            "type": "customaddselect",
            "key": "databaseAccess",
            "name": "Database Access",
            "templateOptions": {
                "fields": [
                    {
                        "elementAttributes": {
                            "layout": "row",
                            "layout-sm": "column"
                        },
                        "fieldGroup": [
                            {
                                "className": "flex-50",
                                "type": "customselect",
                                "key": "environment",
                                "name": "Environment",
                                "templateOptions": {
                                    "label": "Environment",
                                    "options": [
                                        {
                                            "id": "DEV",
                                            "name": "DEV"
                                        },
                                        {
                                            "id": "QA",
                                            "name": "QA"
                                        },
                                        {
                                            "id": "PROD",
                                            "name": "PROD"
                                        }
                                    ],
                                    "valueProp": "id",
                                    "labelProp": "name",
                                    "required": true
                                   
                                }

                            },
                            {
                                "className": "flex-50",
                                "type": "customselect",
                                "key": "dbName",
                                "name": "Database Name",
                                "templateOptions": {
                                    "label": "Database Name",
                                    "options": [
                                        {
                                            "id": "EUSDEV",
                                            "fk": "DEV",
                                            "name": "EUSDEV"
                                        }, {
                                            "id": "COREPROD",
                                            "fk": "DEV",
                                            "name": "COREPROD"
                                        }, {
                                            "id": "LINXPROD",
                                            "fk": "QA",
                                            "name": "LINXPROD"
                                        }, {
                                            "id": "CMPPROD",
                                            "fk": "QA",
                                            "name": "CMPPROD"
                                        },
                                        {
                                            "id": "PEGAPROD",
                                            "fk": "PROD",
                                            "name": "PEGAPROD"
                                        },{
                                            "id": "BUPROD",
                                            "fk": "PROD",
                                            "name": "BUPROD"
                                        },
                                        {
                                            "id": "CGSODSPR",
                                            "fk": "PROD",
                                            "name": "CGSODSPR"
                                        }
                                    ],
                                    "valueProp": "id",
                                    "labelProp": "name"
                                },
                                "expressionProperties": {
                                    "templateOptions.disabled": "!model.environment"
                                }

                            },
                            {
                                "className": "flex-50",
                                "type": "customselect",
                                "key": "dbRole",
                                "name": "Role Name",
                                "templateOptions": {
                                    "label": "Role Name",
                                    "options": [
                                        {
                                            "id": "Ratings Analyst",
                                            "fk": "EUSDEV",
                                            "name": "Ratings Analyst"
                                        }, {
                                            "id": "Ratings Data Manager",
                                            "fk": "COREPROD",
                                            "name": "Ratings Data Manager"
                                        }, {
                                            "id": "GRE Analyst",
                                            "fk": "LINXPROD",
                                            "name": "GRE Analyst"
                                        }
                                    ],
                                    "valueProp": "id",
                                    "labelProp": "name"
                                },
                                "expressionProperties": {
                                    "templateOptions.disabled": "!model.dbName"
                                }

                            }
                        ]
                    }
                ]
            }

        },
        {
            "type": "header",
            "name": "Justification",
            "info": "Justification",
            "required": true
        },
        {
            "type": "textarea",
            "name": "Justification",
            "key": "justification",
            "templateOptions": {
                "rows": 4,
                "required": true
            }
        }
    ]

}


