{
    "count": 45,
    "data": [
        {
            "isQuestioned": true,
            "beneficiary": "John A. Smith",
            "type": "request",
            "id": "4536",
            "desc": "Requested for Regions (23456789), Work Role (34534645), Department (23456789)",
            "dateRequested": "12/17/2015",
            "status": "Pending",
            "subRequests": [
                {
                    "name": "Access to SCSP",
                    "id": "23456789",
                    "description": "John requires this for 6 months.",
                    "requestedBy": "Joan Johnson",
                    "category": "Work Role",
                    "assignedTo": "Sue Lima",
                    "isReqQuestioned": false,
                    "status": "Expired"
                },
                {
                    "name": "Access to Arrow Global",
                    "id": "34534645",
                    "description": "John requires this for 6 months.",
                    "requestedBy": "Joan Johnson",
                    "category": "Work Role",
                    "assignedTo": "Sue Lima",
                    "isReqQuestioned": true,
                    "status": "Approved"
                },
                {
                    "name": "Access to SCSP",
                    "id": "34543467",
                    "description": "John requires this for 6 months.",
                    "requestedBy": "Joan Johnson",
                    "category": "Region",
                    "assignedTo": "Tom Burke",
                    "isReqQuestioned": false,
                    "status": "Cancelled"
                }
            ]
        },
        {
            "isQuestioned": false,
            "beneficiary": "Sally jones",
            "id": "3454",
            "type": "request",
            "desc": "Requested for Regions (23456789), Work Role (34534645), Department (23456789)",
            "dateRequested": "11/17/2015",
            "status": "Pending",
            "subRequests": [
                {
                    "name": "Access to Test89789",
                    "id": "6785678",
                    "description": "John requires this for 6 months.",
                    "requestedBy": "Joan Johnson",
                    "category": "Work Role",
                    "assignedTo": "Sue Lima",
                    "isReqQuestioned": false,
                    "status": "Approved"
                }
            ]
        },
        {
            "isQuestioned": true,
            "beneficiary": "Greg Knowlton",
            "id": "3456",
            "type": "request",
            "dateRequested": "11/17/2015",
            "status": "Pending",
            "desc": "Requested for Regions (23456789), Work Role (34534645), Department (23456789)",
            "subRequests": [
                {
                    "name": "Access to SCSP",
                    "id": "4564578",
                    "description": "John requires this for 6 months.",
                    "requestedBy": "Joan Reju",
                    "category": "Work Role",
                    "assignedTo": "Sue Lima",
                    "isReqQuestioned": true,
                    "status": "Pending"
                },
                {
                    "name": "Access to Arrow Global",
                    "id": "995645",
                    "description": "John requires this for 6 months.",
                    "requestedBy": "Joan Hero",
                    "category": "Work Role",
                    "assignedTo": "Sue Lima",
                    "isReqQuestioned": true,
                    "status": "Approved"
                },
                {
                    "name": "Access to Test",
                    "id": "78996545",
                    "description": "John requires this for 6 months.",
                    "requestedBy": "Joan Johnson",
                    "category": "Region",
                    "assignedTo": "Tom Burke",
                    "isReqQuestioned": false,
                    "status": "Cancelled"
                }
            ]
        },
        {
            "isQuestioned": false,
            "beneficiary": "Jon Doe",
            "id": "4536",
            "type": "request",
            "desc": "Requested for Regions (23456789), Work Role (34534645), Department (23456789)",
            "dateRequested": "11/17/2015",
            "status": "Completed",
            "subRequests": [
                {
                    "isReqQuestioned": false,
                    "name": "Access to SCSP",
                    "id": "23456789",
                    "description": "John requires this for 6 months.",
                    "requestedBy": "Joan Johnson",
                    "category": "Work Role",
                    "assignedTo": "Sue Lima",
                    "status": "Pending"
                },
                {
                    "isReqQuestioned": false,
                    "name": "Access to Arrow Global",
                    "id": "34534645",
                    "description": "John requires this for 6 months.",
                    "requestedBy": "Joan Johnson",
                    "category": "Work Role",
                    "assignedTo": "Sue Lima",
                    "status": "Approved"
                },
                {
                    "name": "Access to SCSP",
                    "id": "34543467",
                    "description": "John requires this for 6 months.",
                    "requestedBy": "Joan Johnson",
                    "category": "Region",
                    "assignedTo": "Tom Burke",
                    "isReqQuestioned": false,
                    "status": "Cancelled"
                }
            ]
        },
        {
            "beneficiary": "Jane Doe",
            "id": "3454",
            "type": "request",
            "desc": "Requested for Regions (23456789), Work Role (34534645), Department (23456789)",
            "dateRequested": "11/17/2015",
            "status": "Completed",
            "isQuestioned": false,
            "subRequests": [
                {
                    "name": "Access to Test89789",
                    "id": "6785678",
                    "description": "John requires this for 6 months.",
                    "requestedBy": "Joan Johnson",
                    "category": "Work Role",
                    "assignedTo": "Sue Lima",
                    "isReqQuestioned": false,
                    "status": "Approved"
                }
            ]
        },
        {
            "beneficiary": "Chris Harris",
            "id": "3456",
            "type": "request",
            "dateRequested": "11/17/2015",
            "status": "Pending",
            "isQuestioned": true,
            "desc": "Requested for Regions (23456789), Work Role (34534645), Department (23456789)",
            "subRequests": [
                {
                    "name": "Access to SCSP",
                    "id": "4564578",
                    "description": "John requires this for 6 months.",
                    "requestedBy": "Joan Reju",
                    "category": "Work Role",
                    "assignedTo": "Sue Lima",
                    "isReqQuestioned": true,
                    "status": "Pending"
                },
                {
                    "name": "Access to Arrow Global",
                    "id": "995645",
                    "description": "John requires this for 6 months.",
                    "requestedBy": "Joan Hero",
                    "category": "Work Role",
                    "assignedTo": "Sue Lima",
                    "isReqQuestioned": false,
                    "status": "Approved"
                },
                {
                    "name": "Access to Test",
                    "id": "78996545",
                    "description": "John requires this for 6 months.",
                    "requestedBy": "Joan Johnson",
                    "category": "Region",
                    "assignedTo": "Tom Burke",
                    "isReqQuestioned": false,
                    "status": "Cancelled"
                }
            ]
        },
        {
            "beneficiary": "Charles Dave",
            "id": "4536",
            "type": "request",
            "desc": "Requested for Regions (23456789), Work Role (34534645), Department (23456789)",
            "dateRequested": "11/17/2015",
            "status": "Pending",
            "isQuestioned": true,
            "subRequests": [
                {
                    "name": "Access to SCSP",
                    "id": "23456789",
                    "description": "John requires this for 6 months.",
                    "requestedBy": "Joan Johnson",
                    "category": "Work Role",
                    "assignedTo": "Sue Lima",
                    "isReqQuestioned": false,
                    "status": "Pending"
                },
                {
                    "name": "Access to Arrow Global",
                    "id": "34534645",
                    "description": "John requires this for 6 months.",
                    "requestedBy": "Joan Johnson",
                    "category": "Work Role",
                    "assignedTo": "Sue Lima",
                    "isReqQuestioned": true,
                    "status": "Approved"
                },
                {
                    "name": "Access to SCSP",
                    "id": "34543467",
                    "description": "John requires this for 6 months.",
                    "requestedBy": "Joan Johnson",
                    "category": "Region",
                    "assignedTo": "Tom Burke",
                    "isReqQuestioned": true,
                    "status": "Cancelled"
                }
            ]
        },
        {
            "beneficiary": "Harry Jones",
            "id": "3454",
            "type": "request",
            "desc": "Requested for Regions (23456789), Work Role (34534645), Department (23456789)",
            "dateRequested": "11/17/2015",
            "status": "Pending",
            "isQuestioned": false,
            "subRequests": [
                {
                    "name": "Access to Test89789",
                    "id": "6785678",
                    "description": "John requires this for 6 months.",
                    "requestedBy": "Joan Johnson",
                    "category": "Work Role",
                    "assignedTo": "Sue Lima",
                    "isReqQuestioned": false,
                    "status": "Approved"
                }
            ]
        },
        {
            "beneficiary": "Terry Knowlton",
            "id": "3456",
            "type": "request",
            "dateRequested": "11/17/2015",
            "status": "Pending",
            "isQuestioned": true,
            "desc": "Requested for Regions (23456789), Work Role (34534645), Department (23456789)",
            "subRequests": [
                {
                    "name": "Access to SCSP",
                    "id": "4564578",
                    "description": "John requires this for 6 months.",
                    "requestedBy": "Joan Reju",
                    "category": "Work Role",
                    "assignedTo": "Sue Lima",
                    "isReqQuestioned": true,
                    "status": "Pending"
                },
                {
                    "name": "Access to Arrow Global",
                    "id": "995645",
                    "description": "John requires this for 6 months.",
                    "requestedBy": "Joan Hero",
                    "category": "Work Role",
                    "assignedTo": "Sue Lima",
                    "isReqQuestioned": false,
                    "status": "Approved"
                },
                {
                    "name": "Access to Test",
                    "id": "78996545",
                    "description": "John requires this for 6 months.",
                    "requestedBy": "Joan Johnson",
                    "category": "Region",
                    "assignedTo": "Tom Burke",
                    "isReqQuestioned": false,
                    "status": "Cancelled"
                }
            ]
        },
        {
            "beneficiary": "Sam Smith",
            "id": "4536",
            "status": "Completed",
            "type": "certifications",
            "desc": "Requested for Regions (23456789), Work Role (34534645), Department (23456789)",
            "dateRequested": "11/17/2015",
            "isQuestioned": false,
            "subRequests": [
                {
                    "name": "Access to SCSP",
                    "id": "23456789",
                    "description": "John requires this for 6 months.",
                    "requestedBy": "Joan Johnson",
                    "category": "Work Role",
                    "assignedTo": "Sue Lima",
                    "isReqQuestioned": false,
                    "status": "Pending"
                },
                {
                    "name": "Access to Arrow Global",
                    "id": "34534645",
                    "description": "John requires this for 6 months.",
                    "requestedBy": "Joan Johnson",
                    "category": "Work Role",
                    "assignedTo": "Sue Lima",
                    "isReqQuestioned": false,
                    "status": "Approved"
                },
                {
                    "name": "Access to SCSP",
                    "id": "34543467",
                    "description": "John requires this for 6 months.",
                    "requestedBy": "Joan Johnson",
                    "category": "Region",
                    "assignedTo": "Tom Burke",
                    "isReqQuestioned": false,
                    "status": "Cancelled"
                }
            ]
        },
        {
            "beneficiary": "Srini jones",
            "id": "3454",
            "status": "Pending",
            "type": "request",
            "desc": "Requested for Regions (23456789), Work Role (34534645), Department (23456789)",
            "dateRequested": "11/17/2015",
            "isQuestioned": true,
            "subRequests": [
                {
                    "name": "Access to Test89789",
                    "id": "6785678",
                    "description": "John requires this for 6 months.",
                    "requestedBy": "Joan Johnson",
                    "category": "Work Role",
                    "assignedTo": "Sue Lima",
                    "isReqQuestioned": true,
                    "status": "Approved"

                }
            ]

        },
        {
            "beneficiary": "Travis Knowlton",
            "id": "3456",
            "status": "Pending",
            "type": "request",
            "isQuestioned": false,
            "dateRequested": "11/17/2015",
            "desc": "Requested for Regions (23456789), Work Role (34534645), Department (23456789)",
            "subRequests": [{
                    "name": "Access to SCSP",
                    "id": "4564578",
                    "description": "John requires this for 6 months.",
                    "requestedBy": "Joan Reju",
                    "category": "Work Role",
                    "assignedTo": "Sue Lima",
                    "isReqQuestioned": false,
                    "status": "Pending"

                },
                {
                    "name": "Access to Arrow Global",
                    "id": "995645",
                    "description": "John requires this for 6 months.",
                    "requestedBy": "Joan Hero",
                    "category": "Work Role",
                    "assignedTo": "Sue Lima",
                    "isReqQuestioned": false,
                    "status": "Approved"

                },
                {
                    "name": "Access to Test",
                    "id": "78996545",
                    "description": "John requires this for 6 months.",
                    "requestedBy": "Joan Johnson",
                    "category": "Region",
                    "assignedTo": "Tom Burke",
                    "isReqQuestioned": false,
                    "status": "Cancelled"

                }
            ]

        },
        {
            "beneficiary": "Paul Smith",
            "id": "4536",
            "status": "Pending",
            "type": "certifications",
            "isQuestioned": false,
            "desc": "Requested for Regions (23456789), Work Role (34534645), Department (23456789)",
            "dateRequested": "11/17/2015",
            "subRequests": [{
                    "name": "Access to SCSP",
                    "id": "23456789",
                    "description": "John requires this for 6 months.",
                    "requestedBy": "Joan Johnson",
                    "category": "Work Role",
                    "assignedTo": "Sue Lima",
                    "isReqQuestioned": false,
                    "status": "Pending"

                },
                {
                    "name": "Access to Arrow Global",
                    "id": "34534645",
                    "description": "John requires this for 6 months.",
                    "requestedBy": "Joan Johnson",
                    "category": "Work Role",
                    "assignedTo": "Sue Lima",
                    "isReqQuestioned": false,
                    "status": "Approved"

                },
                {
                    "name": "Access to SCSP",
                    "id": "34543467",
                    "description": "John requires this for 6 months.",
                    "requestedBy": "Joan Johnson",
                    "category": "Region",
                    "isReqQuestioned": false,
                    "assignedTo": "Tom Burke",
                    "status": "Cancelled"

                }
            ]

        },
        {
            "beneficiary": "Morgan Freeman",
            "id": "3454",
            "status": "Pending",
            "type": "request",
            "isQuestioned": true,
            "desc": "Requested for Regions (23456789), Work Role (34534645), Department (23456789)",
            "dateRequested": "11/17/2015",
            "subRequests": [
                {
                    "name": "Access to Test89789",
                    "id": "6785678",
                    "description": "John requires this for 6 months.",
                    "requestedBy": "Joan Johnson",
                    "category": "Work Role",
                    "isReqQuestioned": true,
                    "assignedTo": "Sue Lima",
                    "status": "Approved"

                }
            ]

        },
        {
            "beneficiary": "Steve Jobs",
            "id": "3456",
            "status": "Pending",
            "type": "request",
            "isQuestioned": false,
            "dateRequested": "11/17/2015",
            "desc": "Requested for Regions (23456789), Work Role (34534645), Department (23456789)",
            "subRequests": [{
                    "name": "Access to SCSP",
                    "id": "4564578",
                    "description": "John requires this for 6 months.",
                    "requestedBy": "Joan Reju",
                    "category": "Work Role",
                    "assignedTo": "Sue Lima",
                    "isReqQuestioned": false,
                    "status": "Pending"

                },
                {
                    "name": "Access to Arrow Global",
                    "id": "995645",
                    "description": "John requires this for 6 months.",
                    "requestedBy": "Joan Hero",
                    "category": "Work Role",
                    "assignedTo": "Sue Lima",
                    "isReqQuestioned": false,
                    "status": "Approved"

                },
                {
                    "name": "Access to Test",
                    "id": "78996545",
                    "description": "John requires this for 6 months.",
                    "requestedBy": "Joan Johnson",
                    "category": "Region",
                    "assignedTo": "Tom Burke",
                    "isReqQuestioned": false,
                    "status": "Cancelled"

                }
            ]

        },
        {
            "beneficiary": "Sundar Pichai",
            "id": "4536",
            "status": "Pending",
            "type": "request",
            "isQuestioned": true,
            "desc": "Requested for Regions (23456789), Work Role (34534645), Department (23456789)",
            "dateRequested": "11/17/2015",
            "subRequests": [{
                    "name": "Access to SCSP",
                    "id": "23456789",
                    "description": "John requires this for 6 months.",
                    "requestedBy": "Joan Johnson",
                    "category": "Work Role",
                    "assignedTo": "Sue Lima",
                    "isReqQuestioned": true,
                    "status": "Pending"

                },
                {
                    "name": "Access to Arrow Global",
                    "id": "34534645",
                    "description": "John requires this for 6 months.",
                    "requestedBy": "Joan Johnson",
                    "category": "Work Role",
                    "assignedTo": "Sue Lima",
                    "isReqQuestioned": false,
                    "status": "Approved"

                },
                {
                    "name": "Access to SCSP",
                    "id": "34543467",
                    "isReqQuestioned": false,
                    "description": "John requires this for 6 months.",
                    "requestedBy": "Joan Johnson",
                    "category": "Region",
                    "assignedTo": "Tom Burke",
                    "status": "Cancelled"

                }
            ]

        },
        {
            "beneficiary": "Larry Johnson",
            "id": "3454",
            "status": "Pending",
            "type": "request",
            "isQuestioned": false,
            "desc": "Requested for Regions (23456789), Work Role (34534645), Department (23456789)",
            "dateRequested": "11/17/2015",
            "subRequests": [
                {
                    "name": "Access to Test89789",
                    "id": "6785678",
                    "description": "John requires this for 6 months.",
                    "requestedBy": "Joan Johnson",
                    "category": "Work Role",
                    "assignedTo": "Sue Lima",
                    "isReqQuestioned": false,
                    "status": "Approved"

                }
            ]

        },
        {
            "beneficiary": "Ben Parker",
            "id": "3456",
            "status": "Pending",
            "isQuestioned": true,
            "type": "request",
            "dateRequested": "11/17/2015",
            "desc": "Requested for Regions (23456789), Work Role (34534645), Department (23456789)",
            "subRequests": [{
                    "name": "Access to SCSP",
                    "id": "4564578",
                    "description": "John requires this for 6 months.",
                    "requestedBy": "Joan Reju",
                    "category": "Work Role",
                    "assignedTo": "Sue Lima",
                    "isReqQuestioned": false,
                    "status": "Pending"

                },
                {
                    "name": "Access to Arrow Global",
                    "id": "995645",
                    "description": "John requires this for 6 months.",
                    "requestedBy": "Joan Hero",
                    "category": "Work Role",
                    "isReqQuestioned": false,
                    "assignedTo": "Sue Lima",
                    "status": "Approved"

                },
                {
                    "name": "Access to Test",
                    "id": "78996545",
                    "description": "John requires this for 6 months.",
                    "requestedBy": "Joan Johnson",
                    "category": "Region",
                    "isReqQuestioned": true,
                    "assignedTo": "Tom Burke",
                    "status": "Cancelled"

                }
            ]

        },
        {
            "beneficiary": "Peter Parker",
            "id": "4536",
            "status": "Pending",
            "isQuestioned": false,
            "type": "certifications",
            "desc": "Requested for Regions (23456789), Work Role (34534645), Department (23456789)",
            "dateRequested": "11/17/2015",
            "subRequests": [{
                    "name": "Access to SCSP",
                    "id": "23456789",
                    "description": "John requires this for 6 months.",
                    "requestedBy": "Joan Johnson",
                    "category": "Work Role",
                    "assignedTo": "Sue Lima",
                    "isReqQuestioned": false,
                    "status": "Pending"

                },
                {
                    "name": "Access to Arrow Global",
                    "id": "34534645",
                    "description": "John requires this for 6 months.",
                    "requestedBy": "Joan Johnson",
                    "category": "Work Role",
                    "assignedTo": "Sue Lima",
                    "isReqQuestioned": false,
                    "status": "Approved"

                },
                {
                    "name": "Access to SCSP",
                    "id": "34543467",
                    "description": "John requires this for 6 months.",
                    "requestedBy": "Joan Johnson",
                    "category": "Region",
                    "assignedTo": "Tom Burke",
                    "isReqQuestioned": false,
                    "status": "Cancelled"

                }
            ]

        },
        {
            "beneficiary": "Alexander Bell",
            "id": "3454",
            "status": "Pending",
            "type": "request",
            "isQuestioned": true,
            "desc": "Requested for Regions (23456789), Work Role (34534645), Department (23456789)",
            "dateRequested": "11/17/2015",
            "subRequests": [
                {
                    "name": "Access to Test89789",
                    "id": "6785678",
                    "description": "John requires this for 6 months.",
                    "requestedBy": "Joan Johnson",
                    "category": "Work Role",
                    "isReqQuestioned": true,
                    "assignedTo": "Sue Lima",
                    "status": "Approved"

                }
            ]

        },
        {
            "beneficiary": "Graham Bell",
            "id": "3456",
            "status": "Pending",
            "type": "request",
            "isQuestioned": false,
            "dateRequested": "11/17/2015",
            "desc": "Requested for Regions (23456789), Work Role (34534645), Department (23456789)",
            "subRequests": [{
                    "name": "Access to SCSP",
                    "id": "4564578",
                    "description": "John requires this for 6 months.",
                    "requestedBy": "Joan Reju",
                    "category": "Work Role",
                    "assignedTo": "Sue Lima",
                    "isReqQuestioned": false,
                    "status": "Pending"

                },
                {
                    "name": "Access to Arrow Global",
                    "id": "995645",
                    "description": "John requires this for 6 months.",
                    "requestedBy": "Joan Hero",
                    "category": "Work Role",
                    "assignedTo": "Sue Lima",
                    "isReqQuestioned": false,
                    "status": "Approved"

                },
                {
                    "name": "Access to Test",
                    "id": "78996545",
                    "description": "John requires this for 6 months.",
                    "requestedBy": "Joan Johnson",
                    "category": "Region",
                    "isReqQuestioned": false,
                    "assignedTo": "Tom Burke",
                    "status": "Cancelled"

                }
            ]

        },
        {
            "beneficiary": "Josh Bregman",
            "id": "4536",
            "status": "Pending",
            "isQuestioned": false,
            "type": "certifications",
            "desc": "Requested for Regions (23456789), Work Role (34534645), Department (23456789)",
            "dateRequested": "11/17/2015",
            "subRequests": [{
                    "name": "Access to SCSP",
                    "id": "23456789",
                    "description": "John requires this for 6 months.",
                    "requestedBy": "Joan Johnson",
                    "category": "Work Role",
                    "assignedTo": "Sue Lima",
                    "isReqQuestioned": false,
                    "status": "Pending"

                },
                {
                    "name": "Access to Arrow Global",
                    "id": "34534645",
                    "description": "John requires this for 6 months.",
                    "requestedBy": "Joan Johnson",
                    "category": "Work Role",
                    "assignedTo": "Sue Lima",
                    "isReqQuestioned": false,
                    "status": "Approved"

                },
                {
                    "name": "Access to SCSP",
                    "id": "34543467",
                    "description": "John requires this for 6 months.",
                    "requestedBy": "Joan Johnson",
                    "category": "Region",
                    "isReqQuestioned": false,
                    "assignedTo": "Tom Burke",
                    "status": "Cancelled"

                }
            ]

        },
        {
            "beneficiary": "Steve Ford",
            "id": "3454",
            "status": "Pending",
            "type": "request",
            "isQuestioned": true,
            "desc": "Requested for Regions (23456789), Work Role (34534645), Department (23456789)",
            "dateRequested": "11/17/2015",
            "subRequests": [
                {
                    "name": "Access to Test89789",
                    "id": "6785678",
                    "description": "John requires this for 6 months.",
                    "requestedBy": "Joan Johnson",
                    "category": "Work Role",
                    "isReqQuestioned": true,
                    "assignedTo": "Sue Lima",
                    "status": "Approved"

                }
            ]

        },
        {
            "beneficiary": "Paul Edmondson",
            "id": "3456",
            "status": "Pending",
            "type": "request",
            "isQuestioned": false,
            "dateRequested": "11/17/2015",
            "desc": "Requested for Regions (23456789), Work Role (34534645), Department (23456789)",
            "subRequests": [{
                    "name": "Access to SCSP",
                    "id": "4564578",
                    "description": "John requires this for 6 months.",
                    "requestedBy": "Joan Reju",
                    "category": "Work Role",
                    "assignedTo": "Sue Lima",
                    "isReqQuestioned": false,
                    "status": "Pending"

                },
                {
                    "name": "Access to Arrow Global",
                    "id": "995645",
                    "description": "John requires this for 6 months.",
                    "requestedBy": "Joan Hero",
                    "category": "Work Role",
                    "isReqQuestioned": false,
                    "assignedTo": "Sue Lima",
                    "status": "Approved"

                },
                {
                    "name": "Access to Test",
                    "id": "78996545",
                    "description": "John requires this for 6 months.",
                    "requestedBy": "Joan Johnson",
                    "category": "Region",
                    "isReqQuestioned": false,
                    "assignedTo": "Tom Burke",
                    "status": "Cancelled"

                }
            ]

        },
        {
            "beneficiary": "Adrian Collins",
            "id": "4536",
            "status": "Pending",
            "type": "request",
            "isQuestioned": false,
            "desc": "Requested for Regions (23456789), Work Role (34534645), Department (23456789)",
            "dateRequested": "11/17/2015",
            "subRequests": [{
                    "name": "Access to SCSP",
                    "id": "23456789",
                    "description": "John requires this for 6 months.",
                    "requestedBy": "Joan Johnson",
                    "isReqQuestioned": false,
                    "category": "Work Role",
                    "assignedTo": "Sue Lima",
                    "status": "Pending"

                },
                {
                    "name": "Access to Arrow Global",
                    "id": "34534645",
                    "description": "John requires this for 6 months.",
                    "requestedBy": "Joan Johnson",
                    "category": "Work Role",
                    "isReqQuestioned": false,
                    "assignedTo": "Sue Lima",
                    "status": "Approved"

                },
                {
                    "name": "Access to SCSP",
                    "id": "34543467",
                    "description": "John requires this for 6 months.",
                    "requestedBy": "Joan Johnson",
                    "category": "Region",
                    "isReqQuestioned": false,
                    "assignedTo": "Tom Burke",
                    "status": "Cancelled"

                }
            ]

        },
        {
            "beneficiary": "Robert Villegas",
            "id": "3454",
            "status": "Pending",
            "type": "request",
            "isQuestioned": true,
            "desc": "Requested for Regions (23456789), Work Role (34534645), Department (23456789)",
            "dateRequested": "11/17/2015",
            "subRequests": [
                {
                    "name": "Access to Test89789",
                    "id": "6785678",
                    "description": "John requires this for 6 months.",
                    "requestedBy": "Joan Johnson",
                    "category": "Work Role",
                    "isReqQuestioned": true,
                    "assignedTo": "Sue Lima",
                    "status": "Approved"

                }
            ]

        },
        {
            "beneficiary": "Robert Levine",
            "id": "3456",
            "status": "Pending",
            "type": "certifications",
            "isQuestioned": false,
            "dateRequested": "11/17/2015",
            "desc": "Requested for Regions (23456789), Work Role (34534645), Department (23456789)",
            "subRequests": [{
                    "name": "Access to SCSP",
                    "id": "4564578",
                    "description": "John requires this for 6 months.",
                    "requestedBy": "Joan Reju",
                    "category": "Work Role",
                    "assignedTo": "Sue Lima",
                    "isReqQuestioned": false,
                    "status": "Pending"

                },
                {
                    "name": "Access to Arrow Global",
                    "id": "995645",
                    "description": "John requires this for 6 months.",
                    "requestedBy": "Joan Hero",
                    "category": "Work Role",
                    "assignedTo": "Sue Lima",
                    "isReqQuestioned": false,
                    "status": "Approved"

                },
                {
                    "name": "Access to Test",
                    "id": "78996545",
                    "description": "John requires this for 6 months.",
                    "requestedBy": "Joan Johnson",
                    "category": "Region",
                    "isReqQuestioned": false,
                    "assignedTo": "Tom Burke",
                    "status": "Cancelled"

                }
            ]

        },
        {
            "beneficiary": "Nancy Levine",
            "id": "4536",
            "status": "Pending",
            "type": "certifications",
            "isQuestioned": false,
            "desc": "Requested for Regions (23456789), Work Role (34534645), Department (23456789)",
            "dateRequested": "11/17/2015",
            "subRequests": [{
                    "name": "Access to SCSP",
                    "id": "23456789",
                    "description": "John requires this for 6 months.",
                    "requestedBy": "Joan Johnson",
                    "category": "Work Role",
                    "assignedTo": "Sue Lima",
                    "isReqQuestioned": false,
                    "status": "Pending"

                },
                {
                    "name": "Access to Arrow Global",
                    "id": "34534645",
                    "description": "John requires this for 6 months.",
                    "requestedBy": "Joan Johnson",
                    "category": "Work Role",
                    "assignedTo": "Sue Lima",
                    "isReqQuestioned": false,
                    "status": "Approved"

                },
                {
                    "name": "Access to SCSP",
                    "id": "34543467",
                    "description": "John requires this for 6 months.",
                    "requestedBy": "Joan Johnson",
                    "category": "Region",
                    "assignedTo": "Tom Burke",
                    "isReqQuestioned": false,
                    "status": "Cancelled"

                }
            ]

        },
        {
            "beneficiary": "Ian Lewis",
            "id": "3454",
            "status": "Pending",
            "type": "certifications",
            "isQuestioned": false,
            "desc": "Requested for Regions (23456789), Work Role (34534645), Department (23456789)",
            "dateRequested": "11/17/2015",
            "subRequests": [
                {
                    "name": "Access to Test89789",
                    "id": "6785678",
                    "description": "John requires this for 6 months.",
                    "requestedBy": "Joan Johnson",
                    "category": "Work Role",
                    "assignedTo": "Sue Lima",
                    "isReqQuestioned": false,
                    "status": "Approved"

                }
            ]

        },
        {
            "beneficiary": "Charles Friedman",
            "id": "3456",
            "status": "Pending",
            "type": "certifications",
            "isQuestioned": false,
            "dateRequested": "11/17/2015",
            "desc": "Requested for Regions (23456789), Work Role (34534645), Department (23456789)",
            "subRequests": [{
                    "name": "Access to SCSP",
                    "id": "4564578",
                    "description": "John requires this for 6 months.",
                    "requestedBy": "Joan Reju",
                    "category": "Work Role",
                    "assignedTo": "Sue Lima",
                    "isReqQuestioned": false,
                    "status": "Pending"

                },
                {
                    "name": "Access to Arrow Global",
                    "id": "995645",
                    "description": "John requires this for 6 months.",
                    "requestedBy": "Joan Hero",
                    "category": "Work Role",
                    "assignedTo": "Sue Lima",
                    "isReqQuestioned": false,
                    "status": "Approved"

                },
                {
                    "name": "Access to Test",
                    "id": "78996545",
                    "description": "John requires this for 6 months.",
                    "requestedBy": "Joan Johnson",
                    "isReqQuestioned": false,
                    "category": "Region",
                    "assignedTo": "Tom Burke",
                    "status": "Cancelled"

                }
            ]

        },
        {
            "beneficiary": "Peter Benn",
            "id": "4536",
            "status": "Pending",
            "type": "certifications",
            "isQuestioned": false,
            "desc": "Requested for Regions (23456789), Work Role (34534645), Department (23456789)",
            "dateRequested": "11/17/2015",
            "subRequests": [{
                    "name": "Access to SCSP",
                    "id": "23456789",
                    "description": "John requires this for 6 months.",
                    "requestedBy": "Joan Johnson",
                    "category": "Work Role",
                    "assignedTo": "Sue Lima",
                    "isReqQuestioned": false,
                    "status": "Pending"

                },
                {
                    "name": "Access to Arrow Global",
                    "id": "34534645",
                    "description": "John requires this for 6 months.",
                    "requestedBy": "Joan Johnson",
                    "category": "Work Role",
                    "assignedTo": "Sue Lima",
                    "isReqQuestioned": false,
                    "status": "Approved"

                },
                {
                    "name": "Access to SCSP",
                    "id": "34543467",
                    "description": "John requires this for 6 months.",
                    "requestedBy": "Joan Johnson",
                    "category": "Region",
                    "assignedTo": "Tom Burke",
                    "isReqQuestioned": false,
                    "status": "Cancelled"

                }
            ]

        },
        {
            "beneficiary": "Alex Parrish",
            "id": "3454",
            "status": "Pending",
            "type": "certifications",
            "isQuestioned": false,
            "desc": "Requested for Regions (23456789), Work Role (34534645), Department (23456789)",
            "dateRequested": "11/17/2015",
            "subRequests": [
                {
                    "name": "Access to Test89789",
                    "id": "6785678",
                    "description": "John requires this for 6 months.",
                    "requestedBy": "Joan Johnson",
                    "category": "Work Role",
                    "isReqQuestioned": false,
                    "assignedTo": "Sue Lima",
                    "status": "Approved"

                }
            ]

        },
        {
            "beneficiary": "Alex Ford",
            "id": "3456",
            "status": "Pending",
            "isQuestioned": false,
            "type": "certifications",
            "dateRequested": "11/17/2015",
            "desc": "Requested for Regions (23456789), Work Role (34534645), Department (23456789)",
            "subRequests": [{
                    "name": "Access to SCSP",
                    "id": "4564578",
                    "description": "John requires this for 6 months.",
                    "requestedBy": "Joan Reju",
                    "category": "Work Role",
                    "assignedTo": "Sue Lima",
                    "isReqQuestioned": false,
                    "status": "Pending"

                },
                {
                    "name": "Access to Arrow Global",
                    "id": "995645",
                    "description": "John requires this for 6 months.",
                    "requestedBy": "Joan Hero",
                    "category": "Work Role",
                    "isReqQuestioned": false,
                    "assignedTo": "Sue Lima",
                    "status": "Approved"

                },
                {
                    "name": "Access to Test",
                    "id": "78996545",
                    "description": "John requires this for 6 months.",
                    "requestedBy": "Joan Johnson",
                    "category": "Region",
                    "assignedTo": "Tom Burke",
                    "isReqQuestioned": false,
                    "status": "Cancelled"

                }
            ]

        },
        {
            "beneficiary": "Hugh Jackman",
            "id": "4536",
            "status": "Pending",
            "type": "certifications",
            "desc": "Requested for Regions (23456789), Work Role (34534645), Department (23456789)",
            "dateRequested": "11/17/2015",
            "isQuestioned": false,
            "subRequests": [{
                    "name": "Access to SCSP",
                    "id": "23456789",
                    "description": "John requires this for 6 months.",
                    "requestedBy": "Joan Johnson",
                    "category": "Work Role",
                    "assignedTo": "Sue Lima",
                    "status": "Pending",
                    "isQuestioned": false

                },
                {
                    "name": "Access to Arrow Global",
                    "id": "34534645",
                    "description": "John requires this for 6 months.",
                    "requestedBy": "Joan Johnson",
                    "category": "Work Role",
                    "assignedTo": "Sue Lima",
                    "isReqQuestioned": false,
                    "status": "Approved"

                },
                {
                    "name": "Access to SCSP",
                    "id": "34543467",
                    "description": "John requires this for 6 months.",
                    "requestedBy": "Joan Johnson",
                    "category": "Region",
                    "isReqQuestioned": false,
                    "assignedTo": "Tom Burke",
                    "status": "Cancelled"

                }
            ]

        },
        {
            "beneficiary": "Christopher Harris",
            "id": "3454",
            "status": "Pending",
            "type": "certifications",
            "desc": "Requested for Regions (23456789), Work Role (34534645), Department (23456789)",
            "dateRequested": "11/17/2015",
            "isQuestioned": false,
            "subRequests": [
                {
                    "name": "Access to Test89789",
                    "id": "6785678",
                    "description": "John requires this for 6 months.",
                    "requestedBy": "Joan Johnson",
                    "category": "Work Role",
                    "assignedTo": "Sue Lima",
                    "status": "Approved",
                    "isReqQuestioned": false
                }
            ]

        }
    ]
}