{"data":
    {
	"id": "stest71",
	"name":{
		"givenName": "Joan",
		"familyName": "Johnson"
	},
	"firstName": "Joan",
	"lastName": "Johnson",
	"displayName": "Joan Johnson",
	"alternatePolicyRole": "ASC2",
	"defaultPolicyRole": "ASC1",
	"uiRole": "*",
	"groups":[
		{
		"value": "ALL USERS",
		"display": "ALL USERS"
		},
		{
		"value": "DSC_Group",
		"display": "DSC Group"
		},
		{
		"value": "EscalationLevel1",
		"display": "EscalationLevel1"
		},
		{
		"value": "EscalationLevel2",
		"display": "EscalationLevel2"
		}
	]
}}